"Name","# requests","50%","66%","75%","80%","90%","95%","98%","99%","100%"
"GET /fablabs",255,220,280,300,340,460,670,1400,2600,2990
"DELETE /fablabs/5a71a18373e3bb000f4b6830/jobs?job=02182f6b-7bb9-4e41-9700-df8c8147f8a9",1,430,430,430,430,430,430,430,430,428
"/fablabs/5a71a18373e3bb000f4b6830/jobs?job=02182f6b-7bb9-4e41-9700-df8c8147f8a9",0,"N/A","N/A","N/A","N/A","N/A","N/A","N/A","N/A","N/A"
"DELETE /fablabs/5a71a18373e3bb000f4b6830/jobs?job=02f445fb-5b5c-4ef1-9053-6dd178a64258",1,440,440,440,440,440,440,440,440,441
"GET /fablabs/5a71a18373e3bb000f4b6830/jobs?job=02f445fb-5b5c-4ef1-9053-6dd178a64258",1,280,280,280,280,280,280,280,280,278
"DELETE /fablabs/5a71a18373e3bb000f4b6830/jobs?job=031d927b-b5bb-4299-81a7-2466f8b6379c",1,370,370,370,370,370,370,370,370,366
"GET /fablabs/5a71a18373e3bb000f4b6830/jobs?job=031d927b-b5bb-4299-81a7-2466f8b6379c",1,190,190,190,190,190,190,190,190,188
"DELETE /fablabs/5a71a18373e3bb000f4b6830/jobs?job=04016e50-ab72-4e04-9f5d-e529205ab496",1,310,310,310,310,310,310,310,310,313
"GET /fablabs/5a71a18373e3bb000f4b6830/jobs?job=04016e50-ab72-4e04-9f5d-e529205ab496",1,360,360,360,360,360,360,360,360,361
"/fablabs/5a71a18373e3bb000f4b6830/jobs?job=071447ef-7870-4e72-84b4-321809232c36",0,"N/A","N/A","N/A","N/A","N/A","N/A","N/A","N/A","N/A"
"/fablabs/5a71a18373e3bb000f4b6830/jobs?job=071447ef-7870-4e72-84b4-321809232c36",0,"N/A","N/A","N/A","N/A","N/A","N/A","N/A","N/A","N/A"
"DELETE /fablabs/5a71a18373e3bb000f4b6830/jobs?job=07c044a4-40c7-4142-acbc-9c3e97902380",1,440,440,440,440,440,440,440,440,439
"GET /fablabs/5a71a18373e3bb000f4b6830/jobs?job=07c044a4-40c7-4142-acbc-9c3e97902380",1,140,140,140,140,140,140,140,140,142
"DELETE /fablabs/5a71a18373e3bb000f4b6830/jobs?job=09a0a5bd-2b30-4ebe-b4f9-7965efce4cb3",1,330,330,330,330,330,330,330,330,332
"GET /fablabs/5a71a18373e3bb000f4b6830/jobs?job=09a0a5bd-2b30-4ebe-b4f9-7965efce4cb3",1,250,250,250,250,250,250,250,250,250
"DELETE /fablabs/5a71a18373e3bb000f4b6830/jobs?job=09e62d40-9ca5-44ef-81e0-55f808ddde3c",1,340,340,340,340,340,340,340,340,343
"GET /fablabs/5a71a18373e3bb000f4b6830/jobs?job=09e62d40-9ca5-44ef-81e0-55f808ddde3c",1,210,210,210,210,210,210,210,210,213
"DELETE /fablabs/5a71a18373e3bb000f4b6830/jobs?job=0bcc1861-dca7-4dae-aa1c-85abf1ebe6b7",1,340,340,340,340,340,340,340,340,337
"GET /fablabs/5a71a18373e3bb000f4b6830/jobs?job=0bcc1861-dca7-4dae-aa1c-85abf1ebe6b7",1,180,180,180,180,180,180,180,180,183
"DELETE /fablabs/5a71a18373e3bb000f4b6830/jobs?job=0dccf2f1-455b-45dc-b907-7e2e78148ffa",1,300,300,300,300,300,300,300,300,299
"GET /fablabs/5a71a18373e3bb000f4b6830/jobs?job=0dccf2f1-455b-45dc-b907-7e2e78148ffa",1,200,200,200,200,200,200,200,200,200
"DELETE /fablabs/5a71a18373e3bb000f4b6830/jobs?job=0e464aff-bfd0-4848-9ff9-0a45d656cc2a",1,600,600,600,600,600,600,600,600,596
"GET /fablabs/5a71a18373e3bb000f4b6830/jobs?job=0e464aff-bfd0-4848-9ff9-0a45d656cc2a",1,190,190,190,190,190,190,190,190,193
"DELETE /fablabs/5a71a18373e3bb000f4b6830/jobs?job=0f104ece-154f-4ff7-a51e-9c9b5a9a3436",1,500,500,500,500,500,500,500,500,505
"GET /fablabs/5a71a18373e3bb000f4b6830/jobs?job=0f104ece-154f-4ff7-a51e-9c9b5a9a3436",1,290,290,290,290,290,290,290,290,290
"DELETE /fablabs/5a71a18373e3bb000f4b6830/jobs?job=10faf579-0edc-4aac-8b8c-5cae72dcd19f",1,520,520,520,520,520,520,520,520,519
"GET /fablabs/5a71a18373e3bb000f4b6830/jobs?job=10faf579-0edc-4aac-8b8c-5cae72dcd19f",1,140,140,140,140,140,140,140,140,144
"DELETE /fablabs/5a71a18373e3bb000f4b6830/jobs?job=157ca6c2-1369-4a1f-a0f6-397d9c5f539a",1,3500,3500,3500,3500,3500,3500,3500,3500,3508
"GET /fablabs/5a71a18373e3bb000f4b6830/jobs?job=157ca6c2-1369-4a1f-a0f6-397d9c5f539a",1,190,190,190,190,190,190,190,190,189
"DELETE /fablabs/5a71a18373e3bb000f4b6830/jobs?job=162b3e23-d744-41b9-a7ea-e1a15dbf991f",1,2900,2900,2900,2900,2900,2900,2900,2900,2878
"GET /fablabs/5a71a18373e3bb000f4b6830/jobs?job=162b3e23-d744-41b9-a7ea-e1a15dbf991f",1,260,260,260,260,260,260,260,260,255
"DELETE /fablabs/5a71a18373e3bb000f4b6830/jobs?job=1770a16e-e867-4abb-8bfc-70a86b529301",1,320,320,320,320,320,320,320,320,316
"GET /fablabs/5a71a18373e3bb000f4b6830/jobs?job=1770a16e-e867-4abb-8bfc-70a86b529301",1,320,320,320,320,320,320,320,320,323
"DELETE /fablabs/5a71a18373e3bb000f4b6830/jobs?job=17b1d6b2-a98d-4a9f-bc51-30af89286300",1,460,460,460,460,460,460,460,460,464
"GET /fablabs/5a71a18373e3bb000f4b6830/jobs?job=17b1d6b2-a98d-4a9f-bc51-30af89286300",1,190,190,190,190,190,190,190,190,190
"DELETE /fablabs/5a71a18373e3bb000f4b6830/jobs?job=19766ec5-52b7-45a0-868d-ee19b1ba3938",1,420,420,420,420,420,420,420,420,419
"GET /fablabs/5a71a18373e3bb000f4b6830/jobs?job=19766ec5-52b7-45a0-868d-ee19b1ba3938",1,180,180,180,180,180,180,180,180,181
"DELETE /fablabs/5a71a18373e3bb000f4b6830/jobs?job=19bf9e5a-d0cb-4d2d-aa76-17ef86ce4354",1,480,480,480,480,480,480,480,480,476
"GET /fablabs/5a71a18373e3bb000f4b6830/jobs?job=19bf9e5a-d0cb-4d2d-aa76-17ef86ce4354",1,290,290,290,290,290,290,290,290,291
"/fablabs/5a71a18373e3bb000f4b6830/jobs?job=1c4b43f4-4ab1-4207-ac27-ec635d92ee28",0,"N/A","N/A","N/A","N/A","N/A","N/A","N/A","N/A","N/A"
"/fablabs/5a71a18373e3bb000f4b6830/jobs?job=1c4b43f4-4ab1-4207-ac27-ec635d92ee28",0,"N/A","N/A","N/A","N/A","N/A","N/A","N/A","N/A","N/A"
"DELETE /fablabs/5a71a18373e3bb000f4b6830/jobs?job=1e4999a1-9e92-4ef0-9627-fe0c344ab3e3",1,570,570,570,570,570,570,570,570,572
"GET /fablabs/5a71a18373e3bb000f4b6830/jobs?job=1e4999a1-9e92-4ef0-9627-fe0c344ab3e3",1,380,380,380,380,380,380,380,380,385
"DELETE /fablabs/5a71a18373e3bb000f4b6830/jobs?job=213e09af-7015-4410-98e6-db6ca5db169b",1,420,420,420,420,420,420,420,420,417
"GET /fablabs/5a71a18373e3bb000f4b6830/jobs?job=213e09af-7015-4410-98e6-db6ca5db169b",1,180,180,180,180,180,180,180,180,183
"DELETE /fablabs/5a71a18373e3bb000f4b6830/jobs?job=2170ee66-55e0-4cd2-8620-16bdcf3dc626",1,2900,2900,2900,2900,2900,2900,2900,2900,2882
"GET /fablabs/5a71a18373e3bb000f4b6830/jobs?job=2170ee66-55e0-4cd2-8620-16bdcf3dc626",1,180,180,180,180,180,180,180,180,179
"/fablabs/5a71a18373e3bb000f4b6830/jobs?job=2471c78a-a0e0-4d56-9dd8-48fcbc7dbad9",0,"N/A","N/A","N/A","N/A","N/A","N/A","N/A","N/A","N/A"
"/fablabs/5a71a18373e3bb000f4b6830/jobs?job=2471c78a-a0e0-4d56-9dd8-48fcbc7dbad9",0,"N/A","N/A","N/A","N/A","N/A","N/A","N/A","N/A","N/A"
"DELETE /fablabs/5a71a18373e3bb000f4b6830/jobs?job=2483eb84-8146-4d3f-92b9-ba8cf22ea650",1,580,580,580,580,580,580,580,580,579
"GET /fablabs/5a71a18373e3bb000f4b6830/jobs?job=2483eb84-8146-4d3f-92b9-ba8cf22ea650",1,160,160,160,160,160,160,160,160,165
"DELETE /fablabs/5a71a18373e3bb000f4b6830/jobs?job=256d0802-6b82-41d4-93c8-2c88fab81397",1,500,500,500,500,500,500,500,500,505
"GET /fablabs/5a71a18373e3bb000f4b6830/jobs?job=256d0802-6b82-41d4-93c8-2c88fab81397",1,200,200,200,200,200,200,200,200,201
"DELETE /fablabs/5a71a18373e3bb000f4b6830/jobs?job=268c5650-ae73-41df-906e-a2c2efc44599",1,370,370,370,370,370,370,370,370,372
"GET /fablabs/5a71a18373e3bb000f4b6830/jobs?job=268c5650-ae73-41df-906e-a2c2efc44599",1,190,190,190,190,190,190,190,190,188
"DELETE /fablabs/5a71a18373e3bb000f4b6830/jobs?job=26e44f6c-bbca-4adb-9b24-c8387a931ee7",1,300,300,300,300,300,300,300,300,302
"GET /fablabs/5a71a18373e3bb000f4b6830/jobs?job=26e44f6c-bbca-4adb-9b24-c8387a931ee7",1,140,140,140,140,140,140,140,140,143
"DELETE /fablabs/5a71a18373e3bb000f4b6830/jobs?job=28167327-555f-4f50-9df6-690f798d4bc3",1,740,740,740,740,740,740,740,740,744
"GET /fablabs/5a71a18373e3bb000f4b6830/jobs?job=28167327-555f-4f50-9df6-690f798d4bc3",1,190,190,190,190,190,190,190,190,188
"DELETE /fablabs/5a71a18373e3bb000f4b6830/jobs?job=29bd54dc-d1d4-4f58-8760-5ee4f53b8cc9",1,540,540,540,540,540,540,540,540,535
"GET /fablabs/5a71a18373e3bb000f4b6830/jobs?job=29bd54dc-d1d4-4f58-8760-5ee4f53b8cc9",1,280,280,280,280,280,280,280,280,275
"DELETE /fablabs/5a71a18373e3bb000f4b6830/jobs?job=2bbe089e-80a4-4d89-8f38-80a1f86c3ab4",1,380,380,380,380,380,380,380,380,377
"GET /fablabs/5a71a18373e3bb000f4b6830/jobs?job=2bbe089e-80a4-4d89-8f38-80a1f86c3ab4",1,150,150,150,150,150,150,150,150,150
"DELETE /fablabs/5a71a18373e3bb000f4b6830/jobs?job=2bfa560d-1fe0-4276-914e-352084e4495c",1,290,290,290,290,290,290,290,290,291
"GET /fablabs/5a71a18373e3bb000f4b6830/jobs?job=2bfa560d-1fe0-4276-914e-352084e4495c",1,270,270,270,270,270,270,270,270,267
"/fablabs/5a71a18373e3bb000f4b6830/jobs?job=2c3a0525-72ab-4550-ab80-5544cbdb2597",0,"N/A","N/A","N/A","N/A","N/A","N/A","N/A","N/A","N/A"
"/fablabs/5a71a18373e3bb000f4b6830/jobs?job=2c3a0525-72ab-4550-ab80-5544cbdb2597",0,"N/A","N/A","N/A","N/A","N/A","N/A","N/A","N/A","N/A"
"DELETE /fablabs/5a71a18373e3bb000f4b6830/jobs?job=2e73517f-0c51-465f-9ac0-be282fa8495b",1,360,360,360,360,360,360,360,360,362
"GET /fablabs/5a71a18373e3bb000f4b6830/jobs?job=2e73517f-0c51-465f-9ac0-be282fa8495b",1,140,140,140,140,140,140,140,140,142
"DELETE /fablabs/5a71a18373e3bb000f4b6830/jobs?job=2f64c717-ba04-45e6-803d-f31860f5c801",1,300,300,300,300,300,300,300,300,305
"GET /fablabs/5a71a18373e3bb000f4b6830/jobs?job=2f64c717-ba04-45e6-803d-f31860f5c801",1,190,190,190,190,190,190,190,190,186
"DELETE /fablabs/5a71a18373e3bb000f4b6830/jobs?job=2fa04e8f-5efb-4979-baa1-37e4195e30ec",1,470,470,470,470,470,470,470,470,470
"GET /fablabs/5a71a18373e3bb000f4b6830/jobs?job=2fa04e8f-5efb-4979-baa1-37e4195e30ec",1,210,210,210,210,210,210,210,210,206
"DELETE /fablabs/5a71a18373e3bb000f4b6830/jobs?job=2fb40b30-c1a5-47be-acc7-8d5489303a89",1,300,300,300,300,300,300,300,300,300
"GET /fablabs/5a71a18373e3bb000f4b6830/jobs?job=2fb40b30-c1a5-47be-acc7-8d5489303a89",1,190,190,190,190,190,190,190,190,186
"DELETE /fablabs/5a71a18373e3bb000f4b6830/jobs?job=302a60c0-33c4-4c7d-a2f3-992635a02662",1,540,540,540,540,540,540,540,540,542
"GET /fablabs/5a71a18373e3bb000f4b6830/jobs?job=302a60c0-33c4-4c7d-a2f3-992635a02662",1,180,180,180,180,180,180,180,180,179
"DELETE /fablabs/5a71a18373e3bb000f4b6830/jobs?job=306237b4-78da-49ae-8046-8e783c1d92e3",1,470,470,470,470,470,470,470,470,466
"GET /fablabs/5a71a18373e3bb000f4b6830/jobs?job=306237b4-78da-49ae-8046-8e783c1d92e3",1,180,180,180,180,180,180,180,180,185
"DELETE /fablabs/5a71a18373e3bb000f4b6830/jobs?job=33c6f88d-6e47-4d8b-8899-33bf865b4332",1,290,290,290,290,290,290,290,290,292
"GET /fablabs/5a71a18373e3bb000f4b6830/jobs?job=33c6f88d-6e47-4d8b-8899-33bf865b4332",1,180,180,180,180,180,180,180,180,182
"DELETE /fablabs/5a71a18373e3bb000f4b6830/jobs?job=33d101bf-4a2d-44c6-a979-c1b40036abb0",1,410,410,410,410,410,410,410,410,407
"GET /fablabs/5a71a18373e3bb000f4b6830/jobs?job=33d101bf-4a2d-44c6-a979-c1b40036abb0",1,160,160,160,160,160,160,160,160,155
"DELETE /fablabs/5a71a18373e3bb000f4b6830/jobs?job=342440a9-fe6f-4edf-8c0e-9541317a768a",1,640,640,640,640,640,640,640,640,637
"GET /fablabs/5a71a18373e3bb000f4b6830/jobs?job=342440a9-fe6f-4edf-8c0e-9541317a768a",1,400,400,400,400,400,400,400,400,402
"DELETE /fablabs/5a71a18373e3bb000f4b6830/jobs?job=3459959e-d39e-4e46-80b4-2b929406d7a4",1,450,450,450,450,450,450,450,450,448
"GET /fablabs/5a71a18373e3bb000f4b6830/jobs?job=3459959e-d39e-4e46-80b4-2b929406d7a4",1,180,180,180,180,180,180,180,180,181
"DELETE /fablabs/5a71a18373e3bb000f4b6830/jobs?job=35b5801b-9422-4efd-9332-768b2fd3cf96",1,420,420,420,420,420,420,420,420,417
"GET /fablabs/5a71a18373e3bb000f4b6830/jobs?job=35b5801b-9422-4efd-9332-768b2fd3cf96",1,660,660,660,660,660,660,660,660,664
"/fablabs/5a71a18373e3bb000f4b6830/jobs?job=36011c15-0140-438e-9ce1-bfee1cb6154e",0,"N/A","N/A","N/A","N/A","N/A","N/A","N/A","N/A","N/A"
"/fablabs/5a71a18373e3bb000f4b6830/jobs?job=36011c15-0140-438e-9ce1-bfee1cb6154e",0,"N/A","N/A","N/A","N/A","N/A","N/A","N/A","N/A","N/A"
"DELETE /fablabs/5a71a18373e3bb000f4b6830/jobs?job=3726851a-beb9-4432-ad1c-e5b051a7070d",1,360,360,360,360,360,360,360,360,357
"GET /fablabs/5a71a18373e3bb000f4b6830/jobs?job=3726851a-beb9-4432-ad1c-e5b051a7070d",1,180,180,180,180,180,180,180,180,178
"DELETE /fablabs/5a71a18373e3bb000f4b6830/jobs?job=38282388-abb5-4a4f-bb0b-7af69a0d371c",1,490,490,490,490,490,490,490,490,487
"GET /fablabs/5a71a18373e3bb000f4b6830/jobs?job=38282388-abb5-4a4f-bb0b-7af69a0d371c",1,480,480,480,480,480,480,480,480,476
"/fablabs/5a71a18373e3bb000f4b6830/jobs?job=382d2fa1-8473-4503-abdf-797a03539e7f",0,"N/A","N/A","N/A","N/A","N/A","N/A","N/A","N/A","N/A"
"/fablabs/5a71a18373e3bb000f4b6830/jobs?job=382d2fa1-8473-4503-abdf-797a03539e7f",0,"N/A","N/A","N/A","N/A","N/A","N/A","N/A","N/A","N/A"
"DELETE /fablabs/5a71a18373e3bb000f4b6830/jobs?job=38daf9d6-3290-4ade-bcf3-1172c4c01ddd",1,330,330,330,330,330,330,330,330,327
"GET /fablabs/5a71a18373e3bb000f4b6830/jobs?job=38daf9d6-3290-4ade-bcf3-1172c4c01ddd",1,320,320,320,320,320,320,320,320,321
"DELETE /fablabs/5a71a18373e3bb000f4b6830/jobs?job=39f93d46-1fe5-47cd-a8ee-4cb659a408de",1,310,310,310,310,310,310,310,310,310
"GET /fablabs/5a71a18373e3bb000f4b6830/jobs?job=39f93d46-1fe5-47cd-a8ee-4cb659a408de",1,460,460,460,460,460,460,460,460,462
"DELETE /fablabs/5a71a18373e3bb000f4b6830/jobs?job=3ae07354-d805-48b9-bebf-34a975571120",1,470,470,470,470,470,470,470,470,467
"GET /fablabs/5a71a18373e3bb000f4b6830/jobs?job=3ae07354-d805-48b9-bebf-34a975571120",1,250,250,250,250,250,250,250,250,252
"DELETE /fablabs/5a71a18373e3bb000f4b6830/jobs?job=3bc06870-4cc3-4ffc-9072-89f8e7c7bacc",1,560,560,560,560,560,560,560,560,557
"GET /fablabs/5a71a18373e3bb000f4b6830/jobs?job=3bc06870-4cc3-4ffc-9072-89f8e7c7bacc",1,440,440,440,440,440,440,440,440,445
"DELETE /fablabs/5a71a18373e3bb000f4b6830/jobs?job=3bf86289-8a6d-4f90-8b2d-585eeec08758",1,310,310,310,310,310,310,310,310,313
"GET /fablabs/5a71a18373e3bb000f4b6830/jobs?job=3bf86289-8a6d-4f90-8b2d-585eeec08758",1,160,160,160,160,160,160,160,160,156
"DELETE /fablabs/5a71a18373e3bb000f4b6830/jobs?job=3cdce92b-8c0f-4f44-9d1e-7b2cb2785366",1,390,390,390,390,390,390,390,390,386
"GET /fablabs/5a71a18373e3bb000f4b6830/jobs?job=3cdce92b-8c0f-4f44-9d1e-7b2cb2785366",1,140,140,140,140,140,140,140,140,140
"DELETE /fablabs/5a71a18373e3bb000f4b6830/jobs?job=3dcbfe70-343f-42f6-988f-c19fad21122a",1,400,400,400,400,400,400,400,400,401
"GET /fablabs/5a71a18373e3bb000f4b6830/jobs?job=3dcbfe70-343f-42f6-988f-c19fad21122a",1,180,180,180,180,180,180,180,180,182
"DELETE /fablabs/5a71a18373e3bb000f4b6830/jobs?job=3dd1c2ee-bc6f-4116-ba85-1dcc60404dd6",1,500,500,500,500,500,500,500,500,505
"GET /fablabs/5a71a18373e3bb000f4b6830/jobs?job=3dd1c2ee-bc6f-4116-ba85-1dcc60404dd6",1,200,200,200,200,200,200,200,200,196
"DELETE /fablabs/5a71a18373e3bb000f4b6830/jobs?job=3e60c755-1f81-4f90-8c9f-ed81c53de4ec",1,420,420,420,420,420,420,420,420,425
"GET /fablabs/5a71a18373e3bb000f4b6830/jobs?job=3e60c755-1f81-4f90-8c9f-ed81c53de4ec",1,390,390,390,390,390,390,390,390,392
"DELETE /fablabs/5a71a18373e3bb000f4b6830/jobs?job=3f834420-b450-4d0a-b28e-5a268258be27",1,570,570,570,570,570,570,570,570,570
"GET /fablabs/5a71a18373e3bb000f4b6830/jobs?job=3f834420-b450-4d0a-b28e-5a268258be27",1,540,540,540,540,540,540,540,540,541
"DELETE /fablabs/5a71a18373e3bb000f4b6830/jobs?job=3ffcb269-aefc-43bd-a05c-9dfd2dc7c1f8",1,430,430,430,430,430,430,430,430,432
"GET /fablabs/5a71a18373e3bb000f4b6830/jobs?job=3ffcb269-aefc-43bd-a05c-9dfd2dc7c1f8",1,250,250,250,250,250,250,250,250,253
"/fablabs/5a71a18373e3bb000f4b6830/jobs?job=41635081-5a98-41b3-9ee5-835be47f6a37",0,"N/A","N/A","N/A","N/A","N/A","N/A","N/A","N/A","N/A"
"/fablabs/5a71a18373e3bb000f4b6830/jobs?job=41635081-5a98-41b3-9ee5-835be47f6a37",0,"N/A","N/A","N/A","N/A","N/A","N/A","N/A","N/A","N/A"
"DELETE /fablabs/5a71a18373e3bb000f4b6830/jobs?job=42f8daf2-cf53-4d89-8af5-d56c1e4e7164",1,440,440,440,440,440,440,440,440,438
"GET /fablabs/5a71a18373e3bb000f4b6830/jobs?job=42f8daf2-cf53-4d89-8af5-d56c1e4e7164",1,180,180,180,180,180,180,180,180,182
"DELETE /fablabs/5a71a18373e3bb000f4b6830/jobs?job=4338e58c-af60-46b7-90c3-00f83bda7bd9",1,660,660,660,660,660,660,660,660,662
"GET /fablabs/5a71a18373e3bb000f4b6830/jobs?job=4338e58c-af60-46b7-90c3-00f83bda7bd9",1,210,210,210,210,210,210,210,210,210
"DELETE /fablabs/5a71a18373e3bb000f4b6830/jobs?job=46a63ec6-148b-498e-9bbb-07d10509f2c2",1,620,620,620,620,620,620,620,620,623
"GET /fablabs/5a71a18373e3bb000f4b6830/jobs?job=46a63ec6-148b-498e-9bbb-07d10509f2c2",1,180,180,180,180,180,180,180,180,182
"DELETE /fablabs/5a71a18373e3bb000f4b6830/jobs?job=470b25bf-90f2-4f6d-85dd-bb75081b3387",1,300,300,300,300,300,300,300,300,305
"GET /fablabs/5a71a18373e3bb000f4b6830/jobs?job=470b25bf-90f2-4f6d-85dd-bb75081b3387",1,140,140,140,140,140,140,140,140,139
"DELETE /fablabs/5a71a18373e3bb000f4b6830/jobs?job=48a0ce0a-0265-4feb-a5b2-fa64710a15ce",1,300,300,300,300,300,300,300,300,300
"GET /fablabs/5a71a18373e3bb000f4b6830/jobs?job=48a0ce0a-0265-4feb-a5b2-fa64710a15ce",1,180,180,180,180,180,180,180,180,183
"DELETE /fablabs/5a71a18373e3bb000f4b6830/jobs?job=4950ab6a-cfe5-495d-a024-2bc8286e12b9",1,570,570,570,570,570,570,570,570,568
"GET /fablabs/5a71a18373e3bb000f4b6830/jobs?job=4950ab6a-cfe5-495d-a024-2bc8286e12b9",1,280,280,280,280,280,280,280,280,282
"DELETE /fablabs/5a71a18373e3bb000f4b6830/jobs?job=4a0a5874-621b-453c-b909-f906a068de4f",1,350,350,350,350,350,350,350,350,349
"GET /fablabs/5a71a18373e3bb000f4b6830/jobs?job=4a0a5874-621b-453c-b909-f906a068de4f",1,140,140,140,140,140,140,140,140,144
"DELETE /fablabs/5a71a18373e3bb000f4b6830/jobs?job=4b1f7b72-17e4-4d62-91d0-881a61a56687",1,420,420,420,420,420,420,420,420,424
"GET /fablabs/5a71a18373e3bb000f4b6830/jobs?job=4b1f7b72-17e4-4d62-91d0-881a61a56687",1,260,260,260,260,260,260,260,260,263
"DELETE /fablabs/5a71a18373e3bb000f4b6830/jobs?job=4c3c3d1b-9305-4deb-b976-6f7a1755c077",1,320,320,320,320,320,320,320,320,317
"GET /fablabs/5a71a18373e3bb000f4b6830/jobs?job=4c3c3d1b-9305-4deb-b976-6f7a1755c077",1,310,310,310,310,310,310,310,310,313
"DELETE /fablabs/5a71a18373e3bb000f4b6830/jobs?job=4d49abf6-d019-4a86-afaa-cc3c7d802f65",1,480,480,480,480,480,480,480,480,478
"GET /fablabs/5a71a18373e3bb000f4b6830/jobs?job=4d49abf6-d019-4a86-afaa-cc3c7d802f65",1,240,240,240,240,240,240,240,240,245
"DELETE /fablabs/5a71a18373e3bb000f4b6830/jobs?job=4da4024d-9c0b-47ab-bb86-8b27d0f1d2e4",1,540,540,540,540,540,540,540,540,544
"GET /fablabs/5a71a18373e3bb000f4b6830/jobs?job=4da4024d-9c0b-47ab-bb86-8b27d0f1d2e4",1,200,200,200,200,200,200,200,200,200
"DELETE /fablabs/5a71a18373e3bb000f4b6830/jobs?job=4e9c2a5b-0985-4663-a816-bb837d4b71f4",1,600,600,600,600,600,600,600,600,604
"GET /fablabs/5a71a18373e3bb000f4b6830/jobs?job=4e9c2a5b-0985-4663-a816-bb837d4b71f4",1,160,160,160,160,160,160,160,160,155
"DELETE /fablabs/5a71a18373e3bb000f4b6830/jobs?job=5023770d-fa1e-4bca-b2d5-9875b5d53aeb",1,440,440,440,440,440,440,440,440,441
"GET /fablabs/5a71a18373e3bb000f4b6830/jobs?job=5023770d-fa1e-4bca-b2d5-9875b5d53aeb",1,200,200,200,200,200,200,200,200,200
"DELETE /fablabs/5a71a18373e3bb000f4b6830/jobs?job=506cd1bf-ba21-40f7-a0be-1a7193b56d80",1,380,380,380,380,380,380,380,380,382
"GET /fablabs/5a71a18373e3bb000f4b6830/jobs?job=506cd1bf-ba21-40f7-a0be-1a7193b56d80",1,400,400,400,400,400,400,400,400,398
"/fablabs/5a71a18373e3bb000f4b6830/jobs?job=5190d3a5-09a9-4c93-9afa-706910ec6512",0,"N/A","N/A","N/A","N/A","N/A","N/A","N/A","N/A","N/A"
"/fablabs/5a71a18373e3bb000f4b6830/jobs?job=5190d3a5-09a9-4c93-9afa-706910ec6512",0,"N/A","N/A","N/A","N/A","N/A","N/A","N/A","N/A","N/A"
"DELETE /fablabs/5a71a18373e3bb000f4b6830/jobs?job=530510bb-df2e-41fd-82df-3e50d9631336",1,2900,2900,2900,2900,2900,2900,2900,2900,2895
"GET /fablabs/5a71a18373e3bb000f4b6830/jobs?job=530510bb-df2e-41fd-82df-3e50d9631336",1,180,180,180,180,180,180,180,180,178
"DELETE /fablabs/5a71a18373e3bb000f4b6830/jobs?job=596b5fd9-9957-45ae-8141-4a7a780dc116",1,360,360,360,360,360,360,360,360,356
"GET /fablabs/5a71a18373e3bb000f4b6830/jobs?job=596b5fd9-9957-45ae-8141-4a7a780dc116",1,460,460,460,460,460,460,460,460,461
"DELETE /fablabs/5a71a18373e3bb000f4b6830/jobs?job=59cefe11-0b39-418f-9cbd-d902c8f540a0",1,500,500,500,500,500,500,500,500,499
"/fablabs/5a71a18373e3bb000f4b6830/jobs?job=59cefe11-0b39-418f-9cbd-d902c8f540a0",0,"N/A","N/A","N/A","N/A","N/A","N/A","N/A","N/A","N/A"
"/fablabs/5a71a18373e3bb000f4b6830/jobs?job=5aa4340a-1c61-4d3a-90f3-c5a69b489038",0,"N/A","N/A","N/A","N/A","N/A","N/A","N/A","N/A","N/A"
"/fablabs/5a71a18373e3bb000f4b6830/jobs?job=5aa4340a-1c61-4d3a-90f3-c5a69b489038",0,"N/A","N/A","N/A","N/A","N/A","N/A","N/A","N/A","N/A"
"DELETE /fablabs/5a71a18373e3bb000f4b6830/jobs?job=5b68837a-a350-4a57-9a42-01d09438106f",1,320,320,320,320,320,320,320,320,321
"GET /fablabs/5a71a18373e3bb000f4b6830/jobs?job=5b68837a-a350-4a57-9a42-01d09438106f",1,250,250,250,250,250,250,250,250,246
"/fablabs/5a71a18373e3bb000f4b6830/jobs?job=5d6e96b1-af7e-46ae-8fa8-16962730879f",0,"N/A","N/A","N/A","N/A","N/A","N/A","N/A","N/A","N/A"
"/fablabs/5a71a18373e3bb000f4b6830/jobs?job=5d6e96b1-af7e-46ae-8fa8-16962730879f",0,"N/A","N/A","N/A","N/A","N/A","N/A","N/A","N/A","N/A"
"DELETE /fablabs/5a71a18373e3bb000f4b6830/jobs?job=5f2d9380-ebf5-4d9f-90ea-37cd3cab4163",1,560,560,560,560,560,560,560,560,561
"GET /fablabs/5a71a18373e3bb000f4b6830/jobs?job=5f2d9380-ebf5-4d9f-90ea-37cd3cab4163",1,230,230,230,230,230,230,230,230,229
"DELETE /fablabs/5a71a18373e3bb000f4b6830/jobs?job=5f5128f4-9b8d-4f2b-97b2-cdd4dde7f839",1,2100,2100,2100,2100,2100,2100,2100,2100,2051
"GET /fablabs/5a71a18373e3bb000f4b6830/jobs?job=5f5128f4-9b8d-4f2b-97b2-cdd4dde7f839",1,190,190,190,190,190,190,190,190,187
"DELETE /fablabs/5a71a18373e3bb000f4b6830/jobs?job=5ffe15c9-f4e6-4253-a60f-4f881bd2ed32",1,620,620,620,620,620,620,620,620,621
"GET /fablabs/5a71a18373e3bb000f4b6830/jobs?job=5ffe15c9-f4e6-4253-a60f-4f881bd2ed32",1,180,180,180,180,180,180,180,180,183
"DELETE /fablabs/5a71a18373e3bb000f4b6830/jobs?job=607b617c-bafa-44f7-99d3-71cf04f09e8e",1,400,400,400,400,400,400,400,400,400
"GET /fablabs/5a71a18373e3bb000f4b6830/jobs?job=607b617c-bafa-44f7-99d3-71cf04f09e8e",1,340,340,340,340,340,340,340,340,338
"DELETE /fablabs/5a71a18373e3bb000f4b6830/jobs?job=647e61cc-a0da-4309-8152-8cd7f4456d94",1,370,370,370,370,370,370,370,370,372
"GET /fablabs/5a71a18373e3bb000f4b6830/jobs?job=647e61cc-a0da-4309-8152-8cd7f4456d94",1,150,150,150,150,150,150,150,150,152
"DELETE /fablabs/5a71a18373e3bb000f4b6830/jobs?job=6658c415-8dbc-4fe7-94a4-1cf2b1016024",1,440,440,440,440,440,440,440,440,440
"GET /fablabs/5a71a18373e3bb000f4b6830/jobs?job=6658c415-8dbc-4fe7-94a4-1cf2b1016024",1,260,260,260,260,260,260,260,260,255
"DELETE /fablabs/5a71a18373e3bb000f4b6830/jobs?job=66ac181d-bdd7-42f8-bec6-7e83f0a390e2",1,350,350,350,350,350,350,350,350,351
"GET /fablabs/5a71a18373e3bb000f4b6830/jobs?job=66ac181d-bdd7-42f8-bec6-7e83f0a390e2",1,140,140,140,140,140,140,140,140,144
"DELETE /fablabs/5a71a18373e3bb000f4b6830/jobs?job=67bf13f7-5392-4ed6-921b-789bd5b23cb3",1,690,690,690,690,690,690,690,690,692
"GET /fablabs/5a71a18373e3bb000f4b6830/jobs?job=67bf13f7-5392-4ed6-921b-789bd5b23cb3",1,180,180,180,180,180,180,180,180,184
"DELETE /fablabs/5a71a18373e3bb000f4b6830/jobs?job=68249e4e-6e99-4e63-8c7d-e32464af8a64",1,440,440,440,440,440,440,440,440,443
"GET /fablabs/5a71a18373e3bb000f4b6830/jobs?job=68249e4e-6e99-4e63-8c7d-e32464af8a64",1,140,140,140,140,140,140,140,140,142
"DELETE /fablabs/5a71a18373e3bb000f4b6830/jobs?job=6868be0a-9374-42fd-92ec-1f0e45e737ea",1,610,610,610,610,610,610,610,610,610
"GET /fablabs/5a71a18373e3bb000f4b6830/jobs?job=6868be0a-9374-42fd-92ec-1f0e45e737ea",1,190,190,190,190,190,190,190,190,194
"DELETE /fablabs/5a71a18373e3bb000f4b6830/jobs?job=6a230c63-ddfd-49a0-833c-76d71cd63210",1,680,680,680,680,680,680,680,680,683
"GET /fablabs/5a71a18373e3bb000f4b6830/jobs?job=6a230c63-ddfd-49a0-833c-76d71cd63210",1,190,190,190,190,190,190,190,190,187
"DELETE /fablabs/5a71a18373e3bb000f4b6830/jobs?job=6b4206f7-c771-495d-a3ab-611289585d88",1,490,490,490,490,490,490,490,490,488
"GET /fablabs/5a71a18373e3bb000f4b6830/jobs?job=6b4206f7-c771-495d-a3ab-611289585d88",1,190,190,190,190,190,190,190,190,188
"DELETE /fablabs/5a71a18373e3bb000f4b6830/jobs?job=6f4483df-9346-45fd-8faa-0d064d8255ed",1,290,290,290,290,290,290,290,290,290
"GET /fablabs/5a71a18373e3bb000f4b6830/jobs?job=6f4483df-9346-45fd-8faa-0d064d8255ed",1,200,200,200,200,200,200,200,200,203
"DELETE /fablabs/5a71a18373e3bb000f4b6830/jobs?job=6faee1d1-5805-4a93-a359-242a80d24a8b",1,300,300,300,300,300,300,300,300,295
"GET /fablabs/5a71a18373e3bb000f4b6830/jobs?job=6faee1d1-5805-4a93-a359-242a80d24a8b",1,190,190,190,190,190,190,190,190,188
"DELETE /fablabs/5a71a18373e3bb000f4b6830/jobs?job=700d6107-b903-47e5-b3ea-8687e65728c9",1,330,330,330,330,330,330,330,330,331
"GET /fablabs/5a71a18373e3bb000f4b6830/jobs?job=700d6107-b903-47e5-b3ea-8687e65728c9",1,190,190,190,190,190,190,190,190,186
"DELETE /fablabs/5a71a18373e3bb000f4b6830/jobs?job=706e1641-caf4-440a-886d-71d40d840def",1,280,280,280,280,280,280,280,280,285
"GET /fablabs/5a71a18373e3bb000f4b6830/jobs?job=706e1641-caf4-440a-886d-71d40d840def",1,140,140,140,140,140,140,140,140,145
"DELETE /fablabs/5a71a18373e3bb000f4b6830/jobs?job=71188435-3f42-4515-b013-c7a50cdbcfeb",1,660,660,660,660,660,660,660,660,656
"GET /fablabs/5a71a18373e3bb000f4b6830/jobs?job=71188435-3f42-4515-b013-c7a50cdbcfeb",1,180,180,180,180,180,180,180,180,185
"DELETE /fablabs/5a71a18373e3bb000f4b6830/jobs?job=714e7239-335f-4132-a133-0518955f6e1c",1,310,310,310,310,310,310,310,310,313
"GET /fablabs/5a71a18373e3bb000f4b6830/jobs?job=714e7239-335f-4132-a133-0518955f6e1c",1,150,150,150,150,150,150,150,150,150
"DELETE /fablabs/5a71a18373e3bb000f4b6830/jobs?job=71682061-8bd9-4a4c-ae09-0af411cc9a61",1,370,370,370,370,370,370,370,370,366
"GET /fablabs/5a71a18373e3bb000f4b6830/jobs?job=71682061-8bd9-4a4c-ae09-0af411cc9a61",1,180,180,180,180,180,180,180,180,185
"DELETE /fablabs/5a71a18373e3bb000f4b6830/jobs?job=71b37f01-badb-449e-b16f-aa6c19a4b6ef",1,310,310,310,310,310,310,310,310,314
"GET /fablabs/5a71a18373e3bb000f4b6830/jobs?job=71b37f01-badb-449e-b16f-aa6c19a4b6ef",1,380,380,380,380,380,380,380,380,384
"DELETE /fablabs/5a71a18373e3bb000f4b6830/jobs?job=724b1062-d7a2-4ff6-8dd2-0c7060b54d57",1,500,500,500,500,500,500,500,500,501
"GET /fablabs/5a71a18373e3bb000f4b6830/jobs?job=724b1062-d7a2-4ff6-8dd2-0c7060b54d57",1,210,210,210,210,210,210,210,210,207
"DELETE /fablabs/5a71a18373e3bb000f4b6830/jobs?job=7278f03e-f6df-417a-bcb7-6b0b40ba582a",1,570,570,570,570,570,570,570,570,566
"GET /fablabs/5a71a18373e3bb000f4b6830/jobs?job=7278f03e-f6df-417a-bcb7-6b0b40ba582a",1,320,320,320,320,320,320,320,320,320
"DELETE /fablabs/5a71a18373e3bb000f4b6830/jobs?job=73d85afe-19ca-4871-9542-77590907ec2e",1,460,460,460,460,460,460,460,460,462
"GET /fablabs/5a71a18373e3bb000f4b6830/jobs?job=73d85afe-19ca-4871-9542-77590907ec2e",1,150,150,150,150,150,150,150,150,154
"DELETE /fablabs/5a71a18373e3bb000f4b6830/jobs?job=747deb70-f535-4226-9304-6f8311d241d2",1,600,600,600,600,600,600,600,600,605
"GET /fablabs/5a71a18373e3bb000f4b6830/jobs?job=747deb70-f535-4226-9304-6f8311d241d2",1,190,190,190,190,190,190,190,190,193
"DELETE /fablabs/5a71a18373e3bb000f4b6830/jobs?job=757becd8-e3f3-472b-905d-6d4db8225d87",1,590,590,590,590,590,590,590,590,592
"GET /fablabs/5a71a18373e3bb000f4b6830/jobs?job=757becd8-e3f3-472b-905d-6d4db8225d87",1,190,190,190,190,190,190,190,190,186
"DELETE /fablabs/5a71a18373e3bb000f4b6830/jobs?job=76e35bb0-8e53-4604-bb3b-8367c26f87d7",1,360,360,360,360,360,360,360,360,362
"GET /fablabs/5a71a18373e3bb000f4b6830/jobs?job=76e35bb0-8e53-4604-bb3b-8367c26f87d7",1,280,280,280,280,280,280,280,280,279
"DELETE /fablabs/5a71a18373e3bb000f4b6830/jobs?job=76f1937c-077d-4192-91b6-65bcf3677baf",1,600,600,600,600,600,600,600,600,604
"GET /fablabs/5a71a18373e3bb000f4b6830/jobs?job=76f1937c-077d-4192-91b6-65bcf3677baf",1,320,320,320,320,320,320,320,320,315
"DELETE /fablabs/5a71a18373e3bb000f4b6830/jobs?job=772c813a-bf77-4691-b15e-42eb4e9a1559",1,300,300,300,300,300,300,300,300,297
"GET /fablabs/5a71a18373e3bb000f4b6830/jobs?job=772c813a-bf77-4691-b15e-42eb4e9a1559",1,250,250,250,250,250,250,250,250,247
"DELETE /fablabs/5a71a18373e3bb000f4b6830/jobs?job=77769935-a241-48bf-9103-269e3d13c110",1,560,560,560,560,560,560,560,560,564
"GET /fablabs/5a71a18373e3bb000f4b6830/jobs?job=77769935-a241-48bf-9103-269e3d13c110",1,190,190,190,190,190,190,190,190,191
"DELETE /fablabs/5a71a18373e3bb000f4b6830/jobs?job=77a7d7ce-e7ad-46e8-af2b-85ce188db0fe",1,310,310,310,310,310,310,310,310,306
"GET /fablabs/5a71a18373e3bb000f4b6830/jobs?job=77a7d7ce-e7ad-46e8-af2b-85ce188db0fe",1,490,490,490,490,490,490,490,490,488
"DELETE /fablabs/5a71a18373e3bb000f4b6830/jobs?job=7886e9b8-449d-44e8-9a1d-cd95a52a3991",1,610,610,610,610,610,610,610,610,613
"GET /fablabs/5a71a18373e3bb000f4b6830/jobs?job=7886e9b8-449d-44e8-9a1d-cd95a52a3991",1,180,180,180,180,180,180,180,180,180
"DELETE /fablabs/5a71a18373e3bb000f4b6830/jobs?job=7a752abe-81cf-4dd5-b331-85ac439f252b",1,470,470,470,470,470,470,470,470,470
"GET /fablabs/5a71a18373e3bb000f4b6830/jobs?job=7a752abe-81cf-4dd5-b331-85ac439f252b",1,190,190,190,190,190,190,190,190,192
"DELETE /fablabs/5a71a18373e3bb000f4b6830/jobs?job=7c3f9a3e-f0c0-46b7-b372-53c9661e26c7",1,390,390,390,390,390,390,390,390,387
"GET /fablabs/5a71a18373e3bb000f4b6830/jobs?job=7c3f9a3e-f0c0-46b7-b372-53c9661e26c7",1,180,180,180,180,180,180,180,180,183
"DELETE /fablabs/5a71a18373e3bb000f4b6830/jobs?job=7df80626-b7b9-4540-ae92-20446e0cf1ca",1,390,390,390,390,390,390,390,390,391
"GET /fablabs/5a71a18373e3bb000f4b6830/jobs?job=7df80626-b7b9-4540-ae92-20446e0cf1ca",1,150,150,150,150,150,150,150,150,150
"DELETE /fablabs/5a71a18373e3bb000f4b6830/jobs?job=7ec94316-7677-4c2c-b58c-46f77df382f5",1,760,760,760,760,760,760,760,760,765
"GET /fablabs/5a71a18373e3bb000f4b6830/jobs?job=7ec94316-7677-4c2c-b58c-46f77df382f5",1,260,260,260,260,260,260,260,260,261
"DELETE /fablabs/5a71a18373e3bb000f4b6830/jobs?job=7fa9a580-9270-4bc9-9e8d-01e53dbd7d96",1,710,710,710,710,710,710,710,710,709
"GET /fablabs/5a71a18373e3bb000f4b6830/jobs?job=7fa9a580-9270-4bc9-9e8d-01e53dbd7d96",1,190,190,190,190,190,190,190,190,186
"DELETE /fablabs/5a71a18373e3bb000f4b6830/jobs?job=811a2022-7905-4349-9176-0d740c6dd96f",1,310,310,310,310,310,310,310,310,306
"GET /fablabs/5a71a18373e3bb000f4b6830/jobs?job=811a2022-7905-4349-9176-0d740c6dd96f",1,320,320,320,320,320,320,320,320,315
"DELETE /fablabs/5a71a18373e3bb000f4b6830/jobs?job=818e5b02-5560-483e-8888-24d67626159c",1,310,310,310,310,310,310,310,310,306
"GET /fablabs/5a71a18373e3bb000f4b6830/jobs?job=818e5b02-5560-483e-8888-24d67626159c",1,210,210,210,210,210,210,210,210,208
"DELETE /fablabs/5a71a18373e3bb000f4b6830/jobs?job=81f1ee3c-993e-4f06-8b97-de753ae3e4c8",1,390,390,390,390,390,390,390,390,394
"GET /fablabs/5a71a18373e3bb000f4b6830/jobs?job=81f1ee3c-993e-4f06-8b97-de753ae3e4c8",1,310,310,310,310,310,310,310,310,311
"DELETE /fablabs/5a71a18373e3bb000f4b6830/jobs?job=83811a59-6210-459f-b8c1-8c78c7b3b452",1,310,310,310,310,310,310,310,310,308
"GET /fablabs/5a71a18373e3bb000f4b6830/jobs?job=83811a59-6210-459f-b8c1-8c78c7b3b452",1,180,180,180,180,180,180,180,180,184
"DELETE /fablabs/5a71a18373e3bb000f4b6830/jobs?job=8408581c-6e56-4f10-aea5-52e4b3fbd960",1,350,350,350,350,350,350,350,350,352
"GET /fablabs/5a71a18373e3bb000f4b6830/jobs?job=8408581c-6e56-4f10-aea5-52e4b3fbd960",1,150,150,150,150,150,150,150,150,152
"DELETE /fablabs/5a71a18373e3bb000f4b6830/jobs?job=85b5c71c-51ef-4761-8d3a-fb2685eb9ba3",1,330,330,330,330,330,330,330,330,326
"GET /fablabs/5a71a18373e3bb000f4b6830/jobs?job=85b5c71c-51ef-4761-8d3a-fb2685eb9ba3",1,200,200,200,200,200,200,200,200,205
"DELETE /fablabs/5a71a18373e3bb000f4b6830/jobs?job=868a314b-2770-4b00-8fed-bd1f1897fae5",1,660,660,660,660,660,660,660,660,655
"GET /fablabs/5a71a18373e3bb000f4b6830/jobs?job=868a314b-2770-4b00-8fed-bd1f1897fae5",1,180,180,180,180,180,180,180,180,185
"DELETE /fablabs/5a71a18373e3bb000f4b6830/jobs?job=88770e47-eecd-4a67-a491-bf1d8dc096b1",1,440,440,440,440,440,440,440,440,441
"GET /fablabs/5a71a18373e3bb000f4b6830/jobs?job=88770e47-eecd-4a67-a491-bf1d8dc096b1",1,260,260,260,260,260,260,260,260,256
"DELETE /fablabs/5a71a18373e3bb000f4b6830/jobs?job=88a3e19d-cabf-42f2-860c-16970dcd0188",1,300,300,300,300,300,300,300,300,301
"GET /fablabs/5a71a18373e3bb000f4b6830/jobs?job=88a3e19d-cabf-42f2-860c-16970dcd0188",1,560,560,560,560,560,560,560,560,560
"DELETE /fablabs/5a71a18373e3bb000f4b6830/jobs?job=8910a19c-8b44-4034-a0eb-84313c94e763",1,400,400,400,400,400,400,400,400,401
"GET /fablabs/5a71a18373e3bb000f4b6830/jobs?job=8910a19c-8b44-4034-a0eb-84313c94e763",1,200,200,200,200,200,200,200,200,205
"DELETE /fablabs/5a71a18373e3bb000f4b6830/jobs?job=8950e705-0014-4999-9cc7-eb52df76c123",1,730,730,730,730,730,730,730,730,728
"GET /fablabs/5a71a18373e3bb000f4b6830/jobs?job=8950e705-0014-4999-9cc7-eb52df76c123",1,180,180,180,180,180,180,180,180,176
"DELETE /fablabs/5a71a18373e3bb000f4b6830/jobs?job=8a8377c4-d70b-4bab-b1c5-93350d57bf4e",1,360,360,360,360,360,360,360,360,359
"GET /fablabs/5a71a18373e3bb000f4b6830/jobs?job=8a8377c4-d70b-4bab-b1c5-93350d57bf4e",1,520,520,520,520,520,520,520,520,516
"DELETE /fablabs/5a71a18373e3bb000f4b6830/jobs?job=8c4971f7-a048-4629-ba9c-7f550c5a7e64",1,290,290,290,290,290,290,290,290,294
"GET /fablabs/5a71a18373e3bb000f4b6830/jobs?job=8c4971f7-a048-4629-ba9c-7f550c5a7e64",1,210,210,210,210,210,210,210,210,211
"DELETE /fablabs/5a71a18373e3bb000f4b6830/jobs?job=8d3963a7-3e0b-4a73-92d5-b6f401376f36",1,480,480,480,480,480,480,480,480,483
"GET /fablabs/5a71a18373e3bb000f4b6830/jobs?job=8d3963a7-3e0b-4a73-92d5-b6f401376f36",1,210,210,210,210,210,210,210,210,210
"DELETE /fablabs/5a71a18373e3bb000f4b6830/jobs?job=9055508b-7b46-41a9-a048-950d63ffd07a",1,650,650,650,650,650,650,650,650,651
"GET /fablabs/5a71a18373e3bb000f4b6830/jobs?job=9055508b-7b46-41a9-a048-950d63ffd07a",1,180,180,180,180,180,180,180,180,181
"DELETE /fablabs/5a71a18373e3bb000f4b6830/jobs?job=90566bda-e729-4cf1-8c6b-f1deacb17eb6",1,360,360,360,360,360,360,360,360,359
"GET /fablabs/5a71a18373e3bb000f4b6830/jobs?job=90566bda-e729-4cf1-8c6b-f1deacb17eb6",1,480,480,480,480,480,480,480,480,476
"DELETE /fablabs/5a71a18373e3bb000f4b6830/jobs?job=92221ec2-8507-4d96-a62f-9e6a93770ea7",1,400,400,400,400,400,400,400,400,395
"GET /fablabs/5a71a18373e3bb000f4b6830/jobs?job=92221ec2-8507-4d96-a62f-9e6a93770ea7",1,190,190,190,190,190,190,190,190,189
"/fablabs/5a71a18373e3bb000f4b6830/jobs?job=93134b3f-c19d-41e1-885f-182bff33e34d",0,"N/A","N/A","N/A","N/A","N/A","N/A","N/A","N/A","N/A"
"/fablabs/5a71a18373e3bb000f4b6830/jobs?job=93134b3f-c19d-41e1-885f-182bff33e34d",0,"N/A","N/A","N/A","N/A","N/A","N/A","N/A","N/A","N/A"
"DELETE /fablabs/5a71a18373e3bb000f4b6830/jobs?job=94ca3ff1-75cc-44ac-9c8f-6ca13221158a",1,450,450,450,450,450,450,450,450,450
"GET /fablabs/5a71a18373e3bb000f4b6830/jobs?job=94ca3ff1-75cc-44ac-9c8f-6ca13221158a",1,140,140,140,140,140,140,140,140,140
"DELETE /fablabs/5a71a18373e3bb000f4b6830/jobs?job=9ad52545-17c3-4e8e-9d2e-ab714282adb3",1,460,460,460,460,460,460,460,460,458
"GET /fablabs/5a71a18373e3bb000f4b6830/jobs?job=9ad52545-17c3-4e8e-9d2e-ab714282adb3",1,260,260,260,260,260,260,260,260,258
"DELETE /fablabs/5a71a18373e3bb000f4b6830/jobs?job=9b0a154f-25b0-4bd1-9fd3-9c974f0e704a",1,370,370,370,370,370,370,370,370,366
"GET /fablabs/5a71a18373e3bb000f4b6830/jobs?job=9b0a154f-25b0-4bd1-9fd3-9c974f0e704a",1,200,200,200,200,200,200,200,200,195
"DELETE /fablabs/5a71a18373e3bb000f4b6830/jobs?job=9de0a82a-09e6-4662-8900-c93ca0d71069",1,520,520,520,520,520,520,520,520,515
"GET /fablabs/5a71a18373e3bb000f4b6830/jobs?job=9de0a82a-09e6-4662-8900-c93ca0d71069",1,260,260,260,260,260,260,260,260,257
"/fablabs/5a71a18373e3bb000f4b6830/jobs?job=9e6e2087-8d3f-40fc-b7be-9a91281a92fb",0,"N/A","N/A","N/A","N/A","N/A","N/A","N/A","N/A","N/A"
"/fablabs/5a71a18373e3bb000f4b6830/jobs?job=9e6e2087-8d3f-40fc-b7be-9a91281a92fb",0,"N/A","N/A","N/A","N/A","N/A","N/A","N/A","N/A","N/A"
"DELETE /fablabs/5a71a18373e3bb000f4b6830/jobs?job=9f3cce6c-9c3c-4771-969d-6ccb1cd81ec3",1,380,380,380,380,380,380,380,380,383
"GET /fablabs/5a71a18373e3bb000f4b6830/jobs?job=9f3cce6c-9c3c-4771-969d-6ccb1cd81ec3",1,180,180,180,180,180,180,180,180,183
"DELETE /fablabs/5a71a18373e3bb000f4b6830/jobs?job=a0002c98-a07d-48c4-aca5-b2caa381899b",1,320,320,320,320,320,320,320,320,317
"GET /fablabs/5a71a18373e3bb000f4b6830/jobs?job=a0002c98-a07d-48c4-aca5-b2caa381899b",1,320,320,320,320,320,320,320,320,318
"DELETE /fablabs/5a71a18373e3bb000f4b6830/jobs?job=a432def1-4726-47c9-b88f-fc4d8961ec12",1,300,300,300,300,300,300,300,300,297
"GET /fablabs/5a71a18373e3bb000f4b6830/jobs?job=a432def1-4726-47c9-b88f-fc4d8961ec12",1,180,180,180,180,180,180,180,180,183
"DELETE /fablabs/5a71a18373e3bb000f4b6830/jobs?job=a703ace3-afef-4718-acd6-0ecd7c851865",1,360,360,360,360,360,360,360,360,361
"GET /fablabs/5a71a18373e3bb000f4b6830/jobs?job=a703ace3-afef-4718-acd6-0ecd7c851865",1,190,190,190,190,190,190,190,190,191
"DELETE /fablabs/5a71a18373e3bb000f4b6830/jobs?job=a84dcf87-82a3-4097-a473-2bc5034cbd92",1,310,310,310,310,310,310,310,310,306
"GET /fablabs/5a71a18373e3bb000f4b6830/jobs?job=a84dcf87-82a3-4097-a473-2bc5034cbd92",1,180,180,180,180,180,180,180,180,183
"DELETE /fablabs/5a71a18373e3bb000f4b6830/jobs?job=a8e26350-66bd-4a1e-b3c6-643250826eb0",1,740,740,740,740,740,740,740,740,736
"GET /fablabs/5a71a18373e3bb000f4b6830/jobs?job=a8e26350-66bd-4a1e-b3c6-643250826eb0",1,180,180,180,180,180,180,180,180,182
"DELETE /fablabs/5a71a18373e3bb000f4b6830/jobs?job=a900faca-a2b7-4ba8-ae07-9751e56fd286",1,560,560,560,560,560,560,560,560,560
"GET /fablabs/5a71a18373e3bb000f4b6830/jobs?job=a900faca-a2b7-4ba8-ae07-9751e56fd286",1,540,540,540,540,540,540,540,540,542
"DELETE /fablabs/5a71a18373e3bb000f4b6830/jobs?job=aa6f7a69-b6de-4db1-a00b-acf6fe04f6f6",1,540,540,540,540,540,540,540,540,536
"GET /fablabs/5a71a18373e3bb000f4b6830/jobs?job=aa6f7a69-b6de-4db1-a00b-acf6fe04f6f6",1,260,260,260,260,260,260,260,260,257
"DELETE /fablabs/5a71a18373e3bb000f4b6830/jobs?job=aa7d5e07-fc94-4373-b9f1-fd0cb7230257",1,700,700,700,700,700,700,700,700,702
"GET /fablabs/5a71a18373e3bb000f4b6830/jobs?job=aa7d5e07-fc94-4373-b9f1-fd0cb7230257",1,260,260,260,260,260,260,260,260,255
"/fablabs/5a71a18373e3bb000f4b6830/jobs?job=ac6209bd-9d22-49d0-aa3e-a1e63649b285",0,"N/A","N/A","N/A","N/A","N/A","N/A","N/A","N/A","N/A"
"/fablabs/5a71a18373e3bb000f4b6830/jobs?job=ac6209bd-9d22-49d0-aa3e-a1e63649b285",0,"N/A","N/A","N/A","N/A","N/A","N/A","N/A","N/A","N/A"
"/fablabs/5a71a18373e3bb000f4b6830/jobs?job=acb568f9-9b83-449c-890d-3a2b37a250e0",0,"N/A","N/A","N/A","N/A","N/A","N/A","N/A","N/A","N/A"
"/fablabs/5a71a18373e3bb000f4b6830/jobs?job=acb568f9-9b83-449c-890d-3a2b37a250e0",0,"N/A","N/A","N/A","N/A","N/A","N/A","N/A","N/A","N/A"
"DELETE /fablabs/5a71a18373e3bb000f4b6830/jobs?job=ad2a43fe-9b61-45ff-a8dc-07352ce63db4",1,330,330,330,330,330,330,330,330,329
"GET /fablabs/5a71a18373e3bb000f4b6830/jobs?job=ad2a43fe-9b61-45ff-a8dc-07352ce63db4",1,370,370,370,370,370,370,370,370,367
"DELETE /fablabs/5a71a18373e3bb000f4b6830/jobs?job=adfdd296-0791-4bfc-983d-565059609aa0",1,850,850,850,850,850,850,850,850,852
"GET /fablabs/5a71a18373e3bb000f4b6830/jobs?job=adfdd296-0791-4bfc-983d-565059609aa0",1,470,470,470,470,470,470,470,470,467
"DELETE /fablabs/5a71a18373e3bb000f4b6830/jobs?job=ae380e93-e025-4bbf-8c3b-df91a522dc61",1,580,580,580,580,580,580,580,580,580
"GET /fablabs/5a71a18373e3bb000f4b6830/jobs?job=ae380e93-e025-4bbf-8c3b-df91a522dc61",1,220,220,220,220,220,220,220,220,222
"DELETE /fablabs/5a71a18373e3bb000f4b6830/jobs?job=b0a11504-1bac-4be3-932b-a77e51b3969d",1,320,320,320,320,320,320,320,320,317
"GET /fablabs/5a71a18373e3bb000f4b6830/jobs?job=b0a11504-1bac-4be3-932b-a77e51b3969d",1,250,250,250,250,250,250,250,250,249
"DELETE /fablabs/5a71a18373e3bb000f4b6830/jobs?job=b1c4c9ca-abbd-459f-b260-b65b139f36da",1,310,310,310,310,310,310,310,310,313
"GET /fablabs/5a71a18373e3bb000f4b6830/jobs?job=b1c4c9ca-abbd-459f-b260-b65b139f36da",1,180,180,180,180,180,180,180,180,185
"DELETE /fablabs/5a71a18373e3bb000f4b6830/jobs?job=b2abd3df-4613-4b12-bede-e2e1cc03794c",1,610,610,610,610,610,610,610,610,609
"GET /fablabs/5a71a18373e3bb000f4b6830/jobs?job=b2abd3df-4613-4b12-bede-e2e1cc03794c",1,160,160,160,160,160,160,160,160,155
"/fablabs/5a71a18373e3bb000f4b6830/jobs?job=b33c4eb7-338c-4559-a498-ca9592ae4014",0,"N/A","N/A","N/A","N/A","N/A","N/A","N/A","N/A","N/A"
"/fablabs/5a71a18373e3bb000f4b6830/jobs?job=b33c4eb7-338c-4559-a498-ca9592ae4014",0,"N/A","N/A","N/A","N/A","N/A","N/A","N/A","N/A","N/A"
"DELETE /fablabs/5a71a18373e3bb000f4b6830/jobs?job=b8757c7e-a157-4520-8a89-6767ce0a0966",1,420,420,420,420,420,420,420,420,421
"GET /fablabs/5a71a18373e3bb000f4b6830/jobs?job=b8757c7e-a157-4520-8a89-6767ce0a0966",1,260,260,260,260,260,260,260,260,255
"DELETE /fablabs/5a71a18373e3bb000f4b6830/jobs?job=b9517284-80ef-43d7-923d-14db4549e775",1,410,410,410,410,410,410,410,410,412
"GET /fablabs/5a71a18373e3bb000f4b6830/jobs?job=b9517284-80ef-43d7-923d-14db4549e775",1,280,280,280,280,280,280,280,280,275
"DELETE /fablabs/5a71a18373e3bb000f4b6830/jobs?job=bc36dbd1-abdd-4627-aa50-c4d5f2ba171c",1,490,490,490,490,490,490,490,490,489
"GET /fablabs/5a71a18373e3bb000f4b6830/jobs?job=bc36dbd1-abdd-4627-aa50-c4d5f2ba171c",1,280,280,280,280,280,280,280,280,281
"/fablabs/5a71a18373e3bb000f4b6830/jobs?job=bc6177f6-6ea2-448f-87ac-db7bc9a506c2",0,"N/A","N/A","N/A","N/A","N/A","N/A","N/A","N/A","N/A"
"/fablabs/5a71a18373e3bb000f4b6830/jobs?job=bc6177f6-6ea2-448f-87ac-db7bc9a506c2",0,"N/A","N/A","N/A","N/A","N/A","N/A","N/A","N/A","N/A"
"DELETE /fablabs/5a71a18373e3bb000f4b6830/jobs?job=be31a991-d764-48b6-9f2e-da371df5c35a",1,520,520,520,520,520,520,520,520,518
"GET /fablabs/5a71a18373e3bb000f4b6830/jobs?job=be31a991-d764-48b6-9f2e-da371df5c35a",1,260,260,260,260,260,260,260,260,258
"DELETE /fablabs/5a71a18373e3bb000f4b6830/jobs?job=bfbe4c2c-33b5-435a-811d-1aa24fbf253b",1,430,430,430,430,430,430,430,430,431
"GET /fablabs/5a71a18373e3bb000f4b6830/jobs?job=bfbe4c2c-33b5-435a-811d-1aa24fbf253b",1,260,260,260,260,260,260,260,260,260
"DELETE /fablabs/5a71a18373e3bb000f4b6830/jobs?job=c01703af-2ac3-48e0-ab1d-51cca9025fea",1,1100,1100,1100,1100,1100,1100,1100,1100,1073
"GET /fablabs/5a71a18373e3bb000f4b6830/jobs?job=c01703af-2ac3-48e0-ab1d-51cca9025fea",1,270,270,270,270,270,270,270,270,273
"DELETE /fablabs/5a71a18373e3bb000f4b6830/jobs?job=c024b2ef-3748-4c85-8c16-e2689c22001f",1,400,400,400,400,400,400,400,400,395
"GET /fablabs/5a71a18373e3bb000f4b6830/jobs?job=c024b2ef-3748-4c85-8c16-e2689c22001f",1,180,180,180,180,180,180,180,180,181
"DELETE /fablabs/5a71a18373e3bb000f4b6830/jobs?job=c117222f-ab47-45e7-9181-db889f243001",1,390,390,390,390,390,390,390,390,391
"GET /fablabs/5a71a18373e3bb000f4b6830/jobs?job=c117222f-ab47-45e7-9181-db889f243001",1,230,230,230,230,230,230,230,230,226
"DELETE /fablabs/5a71a18373e3bb000f4b6830/jobs?job=c18ca743-246a-4297-850f-80c5bbb43f03",1,290,290,290,290,290,290,290,290,286
"GET /fablabs/5a71a18373e3bb000f4b6830/jobs?job=c18ca743-246a-4297-850f-80c5bbb43f03",1,160,160,160,160,160,160,160,160,161
"DELETE /fablabs/5a71a18373e3bb000f4b6830/jobs?job=c30fc78c-7647-47b0-9c55-3a1c2cfdd2b8",1,310,310,310,310,310,310,310,310,306
"GET /fablabs/5a71a18373e3bb000f4b6830/jobs?job=c30fc78c-7647-47b0-9c55-3a1c2cfdd2b8",1,250,250,250,250,250,250,250,250,248
"DELETE /fablabs/5a71a18373e3bb000f4b6830/jobs?job=c33802d6-0efb-432a-a950-03a0d206bd65",1,580,580,580,580,580,580,580,580,581
"GET /fablabs/5a71a18373e3bb000f4b6830/jobs?job=c33802d6-0efb-432a-a950-03a0d206bd65",1,270,270,270,270,270,270,270,270,270
"DELETE /fablabs/5a71a18373e3bb000f4b6830/jobs?job=c3a4deb8-0ccf-4cf4-885c-be5bda2cef83",1,700,700,700,700,700,700,700,700,699
"GET /fablabs/5a71a18373e3bb000f4b6830/jobs?job=c3a4deb8-0ccf-4cf4-885c-be5bda2cef83",1,150,150,150,150,150,150,150,150,149
"DELETE /fablabs/5a71a18373e3bb000f4b6830/jobs?job=c82a68e3-5428-4eba-8541-9fd97d30a0e9",1,420,420,420,420,420,420,420,420,425
"GET /fablabs/5a71a18373e3bb000f4b6830/jobs?job=c82a68e3-5428-4eba-8541-9fd97d30a0e9",1,320,320,320,320,320,320,320,320,324
"DELETE /fablabs/5a71a18373e3bb000f4b6830/jobs?job=c8f9f4c9-27ea-4b9c-92a2-d77d61c28f5b",1,460,460,460,460,460,460,460,460,465
"GET /fablabs/5a71a18373e3bb000f4b6830/jobs?job=c8f9f4c9-27ea-4b9c-92a2-d77d61c28f5b",1,150,150,150,150,150,150,150,150,154
"DELETE /fablabs/5a71a18373e3bb000f4b6830/jobs?job=c974cd50-20f2-4658-810e-87587fdb07af",1,360,360,360,360,360,360,360,360,356
"GET /fablabs/5a71a18373e3bb000f4b6830/jobs?job=c974cd50-20f2-4658-810e-87587fdb07af",1,260,260,260,260,260,260,260,260,257
"/fablabs/5a71a18373e3bb000f4b6830/jobs?job=c9f72f19-6b6f-42b6-b4e2-4e4bc5790acd",0,"N/A","N/A","N/A","N/A","N/A","N/A","N/A","N/A","N/A"
"/fablabs/5a71a18373e3bb000f4b6830/jobs?job=c9f72f19-6b6f-42b6-b4e2-4e4bc5790acd",0,"N/A","N/A","N/A","N/A","N/A","N/A","N/A","N/A","N/A"
"DELETE /fablabs/5a71a18373e3bb000f4b6830/jobs?job=ca5f8d1d-7033-4c2e-8652-975eba439dc6",1,360,360,360,360,360,360,360,360,365
"GET /fablabs/5a71a18373e3bb000f4b6830/jobs?job=ca5f8d1d-7033-4c2e-8652-975eba439dc6",1,190,190,190,190,190,190,190,190,192
"DELETE /fablabs/5a71a18373e3bb000f4b6830/jobs?job=cac5259f-d015-42cc-a866-28f87d211d5a",1,450,450,450,450,450,450,450,450,448
"GET /fablabs/5a71a18373e3bb000f4b6830/jobs?job=cac5259f-d015-42cc-a866-28f87d211d5a",1,270,270,270,270,270,270,270,270,274
"DELETE /fablabs/5a71a18373e3bb000f4b6830/jobs?job=cad07ffd-5487-4409-9077-fc6aa9cb5ddf",1,370,370,370,370,370,370,370,370,373
"GET /fablabs/5a71a18373e3bb000f4b6830/jobs?job=cad07ffd-5487-4409-9077-fc6aa9cb5ddf",1,180,180,180,180,180,180,180,180,184
"DELETE /fablabs/5a71a18373e3bb000f4b6830/jobs?job=cb58b236-fa99-4b19-bb30-d6b04cb45bb4",1,570,570,570,570,570,570,570,570,566
"GET /fablabs/5a71a18373e3bb000f4b6830/jobs?job=cb58b236-fa99-4b19-bb30-d6b04cb45bb4",1,340,340,340,340,340,340,340,340,337
"/fablabs/5a71a18373e3bb000f4b6830/jobs?job=cc6e5b42-37d6-4bea-b842-c510f99bf129",0,"N/A","N/A","N/A","N/A","N/A","N/A","N/A","N/A","N/A"
"/fablabs/5a71a18373e3bb000f4b6830/jobs?job=cc6e5b42-37d6-4bea-b842-c510f99bf129",0,"N/A","N/A","N/A","N/A","N/A","N/A","N/A","N/A","N/A"
"DELETE /fablabs/5a71a18373e3bb000f4b6830/jobs?job=cce0f480-f82a-48cf-812e-fdb8ef1073f0",1,460,460,460,460,460,460,460,460,465
"GET /fablabs/5a71a18373e3bb000f4b6830/jobs?job=cce0f480-f82a-48cf-812e-fdb8ef1073f0",1,350,350,350,350,350,350,350,350,347
"DELETE /fablabs/5a71a18373e3bb000f4b6830/jobs?job=d053d696-dac2-4d74-9426-bc14923bc14e",1,300,300,300,300,300,300,300,300,305
"GET /fablabs/5a71a18373e3bb000f4b6830/jobs?job=d053d696-dac2-4d74-9426-bc14923bc14e",1,250,250,250,250,250,250,250,250,249
"DELETE /fablabs/5a71a18373e3bb000f4b6830/jobs?job=d4e36082-3940-4c2f-bf68-f0f83c8d3488",1,400,400,400,400,400,400,400,400,404
"GET /fablabs/5a71a18373e3bb000f4b6830/jobs?job=d4e36082-3940-4c2f-bf68-f0f83c8d3488",1,250,250,250,250,250,250,250,250,250
"DELETE /fablabs/5a71a18373e3bb000f4b6830/jobs?job=d75c38c9-3f45-47ce-8158-3bfbc8430b3a",1,480,480,480,480,480,480,480,480,475
"GET /fablabs/5a71a18373e3bb000f4b6830/jobs?job=d75c38c9-3f45-47ce-8158-3bfbc8430b3a",1,180,180,180,180,180,180,180,180,183
"DELETE /fablabs/5a71a18373e3bb000f4b6830/jobs?job=d9b8da25-4367-4ced-be9e-dec0885dce2c",1,520,520,520,520,520,520,520,520,521
"GET /fablabs/5a71a18373e3bb000f4b6830/jobs?job=d9b8da25-4367-4ced-be9e-dec0885dce2c",1,280,280,280,280,280,280,280,280,275
"DELETE /fablabs/5a71a18373e3bb000f4b6830/jobs?job=dc8be881-ded9-4418-b9f0-0782233a34ce",1,550,550,550,550,550,550,550,550,549
"GET /fablabs/5a71a18373e3bb000f4b6830/jobs?job=dc8be881-ded9-4418-b9f0-0782233a34ce",1,200,200,200,200,200,200,200,200,199
"DELETE /fablabs/5a71a18373e3bb000f4b6830/jobs?job=dd0c4158-3038-41a2-9620-e30e4431ddce",1,2700,2700,2700,2700,2700,2700,2700,2700,2718
"GET /fablabs/5a71a18373e3bb000f4b6830/jobs?job=dd0c4158-3038-41a2-9620-e30e4431ddce",1,320,320,320,320,320,320,320,320,321
"/fablabs/5a71a18373e3bb000f4b6830/jobs?job=ddd48ce1-4735-47f0-8dbe-65648166bab4",0,"N/A","N/A","N/A","N/A","N/A","N/A","N/A","N/A","N/A"
"/fablabs/5a71a18373e3bb000f4b6830/jobs?job=ddd48ce1-4735-47f0-8dbe-65648166bab4",0,"N/A","N/A","N/A","N/A","N/A","N/A","N/A","N/A","N/A"
"DELETE /fablabs/5a71a18373e3bb000f4b6830/jobs?job=df84b161-a740-41ac-8895-fe13220ec114",1,350,350,350,350,350,350,350,350,349
"GET /fablabs/5a71a18373e3bb000f4b6830/jobs?job=df84b161-a740-41ac-8895-fe13220ec114",1,250,250,250,250,250,250,250,250,246
"DELETE /fablabs/5a71a18373e3bb000f4b6830/jobs?job=df8bcd88-7043-4434-a4eb-2873a8d4b6e8",1,500,500,500,500,500,500,500,500,499
"GET /fablabs/5a71a18373e3bb000f4b6830/jobs?job=df8bcd88-7043-4434-a4eb-2873a8d4b6e8",1,140,140,140,140,140,140,140,140,141
"DELETE /fablabs/5a71a18373e3bb000f4b6830/jobs?job=e0708ea9-645e-4cc8-9c25-1983d4fbf939",1,390,390,390,390,390,390,390,390,393
"GET /fablabs/5a71a18373e3bb000f4b6830/jobs?job=e0708ea9-645e-4cc8-9c25-1983d4fbf939",1,160,160,160,160,160,160,160,160,155
"DELETE /fablabs/5a71a18373e3bb000f4b6830/jobs?job=e2345254-12da-40f1-b84c-f989af1007ab",1,350,350,350,350,350,350,350,350,352
"GET /fablabs/5a71a18373e3bb000f4b6830/jobs?job=e2345254-12da-40f1-b84c-f989af1007ab",1,450,450,450,450,450,450,450,450,448
"DELETE /fablabs/5a71a18373e3bb000f4b6830/jobs?job=e38b86dc-0f7d-402a-bea6-b39ae5f171c8",1,460,460,460,460,460,460,460,460,457
"GET /fablabs/5a71a18373e3bb000f4b6830/jobs?job=e38b86dc-0f7d-402a-bea6-b39ae5f171c8",1,440,440,440,440,440,440,440,440,441
"DELETE /fablabs/5a71a18373e3bb000f4b6830/jobs?job=e3ac335e-1a1a-4db1-bd70-b68556801581",1,320,320,320,320,320,320,320,320,319
"GET /fablabs/5a71a18373e3bb000f4b6830/jobs?job=e3ac335e-1a1a-4db1-bd70-b68556801581",1,190,190,190,190,190,190,190,190,189
"DELETE /fablabs/5a71a18373e3bb000f4b6830/jobs?job=e6a452f6-44d6-45f7-a683-0ace6e8ca44b",1,3100,3100,3100,3100,3100,3100,3100,3100,3075
"GET /fablabs/5a71a18373e3bb000f4b6830/jobs?job=e6a452f6-44d6-45f7-a683-0ace6e8ca44b",1,180,180,180,180,180,180,180,180,183
"DELETE /fablabs/5a71a18373e3bb000f4b6830/jobs?job=e6e8b45e-fed0-4624-a004-fbb1dccad70d",1,310,310,310,310,310,310,310,310,306
"GET /fablabs/5a71a18373e3bb000f4b6830/jobs?job=e6e8b45e-fed0-4624-a004-fbb1dccad70d",1,260,260,260,260,260,260,260,260,264
"DELETE /fablabs/5a71a18373e3bb000f4b6830/jobs?job=eb3c0ed3-1310-4743-9c7b-6f9934f269f6",1,310,310,310,310,310,310,310,310,310
"GET /fablabs/5a71a18373e3bb000f4b6830/jobs?job=eb3c0ed3-1310-4743-9c7b-6f9934f269f6",1,460,460,460,460,460,460,460,460,464
"DELETE /fablabs/5a71a18373e3bb000f4b6830/jobs?job=ed0b026d-3442-4508-a4d2-ccf0dd1823f0",1,590,590,590,590,590,590,590,590,594
"GET /fablabs/5a71a18373e3bb000f4b6830/jobs?job=ed0b026d-3442-4508-a4d2-ccf0dd1823f0",1,220,220,220,220,220,220,220,220,215
"DELETE /fablabs/5a71a18373e3bb000f4b6830/jobs?job=ed149207-85b2-482d-9f57-f3cda058bdf6",1,340,340,340,340,340,340,340,340,336
"GET /fablabs/5a71a18373e3bb000f4b6830/jobs?job=ed149207-85b2-482d-9f57-f3cda058bdf6",1,390,390,390,390,390,390,390,390,394
"DELETE /fablabs/5a71a18373e3bb000f4b6830/jobs?job=ede9f193-dcdb-4611-9b76-b2968f468d50",1,310,310,310,310,310,310,310,310,307
"GET /fablabs/5a71a18373e3bb000f4b6830/jobs?job=ede9f193-dcdb-4611-9b76-b2968f468d50",1,380,380,380,380,380,380,380,380,378
"DELETE /fablabs/5a71a18373e3bb000f4b6830/jobs?job=ee343869-d409-471a-8b03-db4ddee6fd79",1,440,440,440,440,440,440,440,440,443
"GET /fablabs/5a71a18373e3bb000f4b6830/jobs?job=ee343869-d409-471a-8b03-db4ddee6fd79",1,180,180,180,180,180,180,180,180,183
"DELETE /fablabs/5a71a18373e3bb000f4b6830/jobs?job=ee4b7d70-011c-422e-88fe-28ee1dc0f114",1,460,460,460,460,460,460,460,460,461
"GET /fablabs/5a71a18373e3bb000f4b6830/jobs?job=ee4b7d70-011c-422e-88fe-28ee1dc0f114",1,210,210,210,210,210,210,210,210,207
"DELETE /fablabs/5a71a18373e3bb000f4b6830/jobs?job=eebba924-d2e9-4115-9582-d5bdefeb2796",1,490,490,490,490,490,490,490,490,490
"GET /fablabs/5a71a18373e3bb000f4b6830/jobs?job=eebba924-d2e9-4115-9582-d5bdefeb2796",1,270,270,270,270,270,270,270,270,270
"DELETE /fablabs/5a71a18373e3bb000f4b6830/jobs?job=f031c308-a3f0-42ad-9c1f-e9b32dfd467e",1,360,360,360,360,360,360,360,360,360
"GET /fablabs/5a71a18373e3bb000f4b6830/jobs?job=f031c308-a3f0-42ad-9c1f-e9b32dfd467e",1,140,140,140,140,140,140,140,140,141
"DELETE /fablabs/5a71a18373e3bb000f4b6830/jobs?job=f1455682-4f71-49c4-8f73-b7725c618ccf",1,340,340,340,340,340,340,340,340,338
"GET /fablabs/5a71a18373e3bb000f4b6830/jobs?job=f1455682-4f71-49c4-8f73-b7725c618ccf",1,180,180,180,180,180,180,180,180,181
"DELETE /fablabs/5a71a18373e3bb000f4b6830/jobs?job=f1a1e175-0a7a-4391-8c9a-24405cae5ee8",1,460,460,460,460,460,460,460,460,461
"GET /fablabs/5a71a18373e3bb000f4b6830/jobs?job=f1a1e175-0a7a-4391-8c9a-24405cae5ee8",1,430,430,430,430,430,430,430,430,426
"DELETE /fablabs/5a71a18373e3bb000f4b6830/jobs?job=f28d5eda-c683-4f1a-8917-d4da6936d908",1,2800,2800,2800,2800,2800,2800,2800,2800,2844
"GET /fablabs/5a71a18373e3bb000f4b6830/jobs?job=f28d5eda-c683-4f1a-8917-d4da6936d908",1,240,240,240,240,240,240,240,240,243
"DELETE /fablabs/5a71a18373e3bb000f4b6830/jobs?job=f3291f58-2c49-4e31-a1ea-767716c362a9",1,290,290,290,290,290,290,290,290,294
"GET /fablabs/5a71a18373e3bb000f4b6830/jobs?job=f3291f58-2c49-4e31-a1ea-767716c362a9",1,420,420,420,420,420,420,420,420,415
"DELETE /fablabs/5a71a18373e3bb000f4b6830/jobs?job=f3b566af-d885-46cb-a8fa-415e2c043f4f",1,1100,1100,1100,1100,1100,1100,1100,1100,1119
"GET /fablabs/5a71a18373e3bb000f4b6830/jobs?job=f3b566af-d885-46cb-a8fa-415e2c043f4f",1,400,400,400,400,400,400,400,400,404
"DELETE /fablabs/5a71a18373e3bb000f4b6830/jobs?job=f58885b7-9880-4bb4-8761-0ffa2f6c75a5",1,300,300,300,300,300,300,300,300,304
"GET /fablabs/5a71a18373e3bb000f4b6830/jobs?job=f58885b7-9880-4bb4-8761-0ffa2f6c75a5",1,400,400,400,400,400,400,400,400,402
"DELETE /fablabs/5a71a18373e3bb000f4b6830/jobs?job=f58f8afa-4e23-4b1a-bc33-513741ef7e37",1,660,660,660,660,660,660,660,660,663
"GET /fablabs/5a71a18373e3bb000f4b6830/jobs?job=f58f8afa-4e23-4b1a-bc33-513741ef7e37",1,250,250,250,250,250,250,250,250,246
"DELETE /fablabs/5a71a18373e3bb000f4b6830/jobs?job=f89a01db-42c1-49af-a0ab-90f09f15aabd",1,480,480,480,480,480,480,480,480,479
"GET /fablabs/5a71a18373e3bb000f4b6830/jobs?job=f89a01db-42c1-49af-a0ab-90f09f15aabd",1,310,310,310,310,310,310,310,310,308
"DELETE /fablabs/5a71a18373e3bb000f4b6830/jobs?job=f925242a-db2f-42b4-90e3-d716a18e957e",1,520,520,520,520,520,520,520,520,524
"GET /fablabs/5a71a18373e3bb000f4b6830/jobs?job=f925242a-db2f-42b4-90e3-d716a18e957e",1,260,260,260,260,260,260,260,260,256
"DELETE /fablabs/5a71a18373e3bb000f4b6830/jobs?job=fcce09a4-7639-4dc9-afec-07c940f08f2b",1,330,330,330,330,330,330,330,330,327
"GET /fablabs/5a71a18373e3bb000f4b6830/jobs?job=fcce09a4-7639-4dc9-afec-07c940f08f2b",1,310,310,310,310,310,310,310,310,314
"DELETE /fablabs/5a71a18373e3bb000f4b6830/jobs?job=fcd4ccab-57d8-410d-a668-a9c0c062108a",1,380,380,380,380,380,380,380,380,379
"GET /fablabs/5a71a18373e3bb000f4b6830/jobs?job=fcd4ccab-57d8-410d-a668-a9c0c062108a",1,250,250,250,250,250,250,250,250,252
"DELETE /fablabs/5a71a18373e3bb000f4b6830/jobs?job=fd445692-3e66-475d-9964-41756210d171",1,310,310,310,310,310,310,310,310,306
"GET /fablabs/5a71a18373e3bb000f4b6830/jobs?job=fd445692-3e66-475d-9964-41756210d171",1,190,190,190,190,190,190,190,190,186
"DELETE /fablabs/5a71a18373e3bb000f4b6830/jobs?job=fe0a0cb2-148b-4854-8bdf-08136ed29704",1,550,550,550,550,550,550,550,550,554
"GET /fablabs/5a71a18373e3bb000f4b6830/jobs?job=fe0a0cb2-148b-4854-8bdf-08136ed29704",1,190,190,190,190,190,190,190,190,192
"DELETE /fablabs/5a71a18373e3bb000f4b6830/jobs?job=feac2e7d-b88a-49b2-ba6f-0292f0f98801",1,460,460,460,460,460,460,460,460,457
"GET /fablabs/5a71a18373e3bb000f4b6830/jobs?job=feac2e7d-b88a-49b2-ba6f-0292f0f98801",1,190,190,190,190,190,190,190,190,194
"DELETE /fablabs/5a71a18373e3bb000f4b6830/jobs?job=fed49dc1-85a5-4f27-9838-6394613d48a1",1,460,460,460,460,460,460,460,460,459
"GET /fablabs/5a71a18373e3bb000f4b6830/jobs?job=fed49dc1-85a5-4f27-9838-6394613d48a1",1,250,250,250,250,250,250,250,250,247
"GET /fablabs/jobs",218,210,230,280,340,500,1500,2800,3100,3370
"POST /fablabs/jobs?machine=3D%20printer&lat=15.2546484&long=3",198,560,640,710,780,1600,2600,3500,3600,3673
"None Total",1069,300,420,480,540,680,1200,2700,3100,3673