"Method","Name","# requests","# failures","Median response time","Average response time","Min response time","Max response time","Average Content Size","Requests/s"
"GET","/fablabs",255,0,220,313,137,2990,26149,2.20
"DELETE","/fablabs/5a71a18373e3bb000f4b6830/jobs?job=02182f6b-7bb9-4e41-9700-df8c8147f8a9",1,0,430,428,428,428,15,0.01
"GET","/fablabs/5a71a18373e3bb000f4b6830/jobs?job=02182f6b-7bb9-4e41-9700-df8c8147f8a9",0,0,0,0,0,0,0,0.00
"DELETE","/fablabs/5a71a18373e3bb000f4b6830/jobs?job=02f445fb-5b5c-4ef1-9053-6dd178a64258",1,0,440,441,441,441,15,0.01
"GET","/fablabs/5a71a18373e3bb000f4b6830/jobs?job=02f445fb-5b5c-4ef1-9053-6dd178a64258",1,0,280,278,278,278,4701,0.01
"DELETE","/fablabs/5a71a18373e3bb000f4b6830/jobs?job=031d927b-b5bb-4299-81a7-2466f8b6379c",1,0,370,366,366,366,15,0.01
"GET","/fablabs/5a71a18373e3bb000f4b6830/jobs?job=031d927b-b5bb-4299-81a7-2466f8b6379c",1,0,190,188,188,188,4701,0.01
"DELETE","/fablabs/5a71a18373e3bb000f4b6830/jobs?job=04016e50-ab72-4e04-9f5d-e529205ab496",1,0,310,313,313,313,15,0.01
"GET","/fablabs/5a71a18373e3bb000f4b6830/jobs?job=04016e50-ab72-4e04-9f5d-e529205ab496",1,0,360,361,361,361,4701,0.01
"DELETE","/fablabs/5a71a18373e3bb000f4b6830/jobs?job=071447ef-7870-4e72-84b4-321809232c36",0,0,0,0,0,0,0,0.00
"GET","/fablabs/5a71a18373e3bb000f4b6830/jobs?job=071447ef-7870-4e72-84b4-321809232c36",0,0,0,0,0,0,0,0.00
"DELETE","/fablabs/5a71a18373e3bb000f4b6830/jobs?job=07c044a4-40c7-4142-acbc-9c3e97902380",1,0,440,439,439,439,15,0.01
"GET","/fablabs/5a71a18373e3bb000f4b6830/jobs?job=07c044a4-40c7-4142-acbc-9c3e97902380",1,0,140,142,142,142,4701,0.01
"DELETE","/fablabs/5a71a18373e3bb000f4b6830/jobs?job=09a0a5bd-2b30-4ebe-b4f9-7965efce4cb3",1,0,330,332,332,332,15,0.01
"GET","/fablabs/5a71a18373e3bb000f4b6830/jobs?job=09a0a5bd-2b30-4ebe-b4f9-7965efce4cb3",1,0,250,250,250,250,4701,0.01
"DELETE","/fablabs/5a71a18373e3bb000f4b6830/jobs?job=09e62d40-9ca5-44ef-81e0-55f808ddde3c",1,0,340,343,343,343,15,0.01
"GET","/fablabs/5a71a18373e3bb000f4b6830/jobs?job=09e62d40-9ca5-44ef-81e0-55f808ddde3c",1,0,210,213,213,213,4701,0.01
"DELETE","/fablabs/5a71a18373e3bb000f4b6830/jobs?job=0bcc1861-dca7-4dae-aa1c-85abf1ebe6b7",1,0,340,337,337,337,15,0.01
"GET","/fablabs/5a71a18373e3bb000f4b6830/jobs?job=0bcc1861-dca7-4dae-aa1c-85abf1ebe6b7",1,0,180,183,183,183,4701,0.01
"DELETE","/fablabs/5a71a18373e3bb000f4b6830/jobs?job=0dccf2f1-455b-45dc-b907-7e2e78148ffa",1,0,300,299,299,299,15,0.01
"GET","/fablabs/5a71a18373e3bb000f4b6830/jobs?job=0dccf2f1-455b-45dc-b907-7e2e78148ffa",1,0,200,200,200,200,4701,0.01
"DELETE","/fablabs/5a71a18373e3bb000f4b6830/jobs?job=0e464aff-bfd0-4848-9ff9-0a45d656cc2a",1,0,600,596,596,596,15,0.01
"GET","/fablabs/5a71a18373e3bb000f4b6830/jobs?job=0e464aff-bfd0-4848-9ff9-0a45d656cc2a",1,0,190,193,193,193,4701,0.01
"DELETE","/fablabs/5a71a18373e3bb000f4b6830/jobs?job=0f104ece-154f-4ff7-a51e-9c9b5a9a3436",1,0,500,505,505,505,15,0.01
"GET","/fablabs/5a71a18373e3bb000f4b6830/jobs?job=0f104ece-154f-4ff7-a51e-9c9b5a9a3436",1,0,290,290,290,290,4701,0.01
"DELETE","/fablabs/5a71a18373e3bb000f4b6830/jobs?job=10faf579-0edc-4aac-8b8c-5cae72dcd19f",1,0,520,519,519,519,15,0.01
"GET","/fablabs/5a71a18373e3bb000f4b6830/jobs?job=10faf579-0edc-4aac-8b8c-5cae72dcd19f",1,0,140,144,144,144,4701,0.01
"DELETE","/fablabs/5a71a18373e3bb000f4b6830/jobs?job=157ca6c2-1369-4a1f-a0f6-397d9c5f539a",1,0,3500,3508,3508,3508,15,0.01
"GET","/fablabs/5a71a18373e3bb000f4b6830/jobs?job=157ca6c2-1369-4a1f-a0f6-397d9c5f539a",1,0,190,189,189,189,4701,0.01
"DELETE","/fablabs/5a71a18373e3bb000f4b6830/jobs?job=162b3e23-d744-41b9-a7ea-e1a15dbf991f",1,0,2900,2878,2878,2878,15,0.01
"GET","/fablabs/5a71a18373e3bb000f4b6830/jobs?job=162b3e23-d744-41b9-a7ea-e1a15dbf991f",1,0,260,255,255,255,4701,0.01
"DELETE","/fablabs/5a71a18373e3bb000f4b6830/jobs?job=1770a16e-e867-4abb-8bfc-70a86b529301",1,0,320,316,316,316,15,0.01
"GET","/fablabs/5a71a18373e3bb000f4b6830/jobs?job=1770a16e-e867-4abb-8bfc-70a86b529301",1,0,320,323,323,323,4701,0.01
"DELETE","/fablabs/5a71a18373e3bb000f4b6830/jobs?job=17b1d6b2-a98d-4a9f-bc51-30af89286300",1,0,460,464,464,464,15,0.01
"GET","/fablabs/5a71a18373e3bb000f4b6830/jobs?job=17b1d6b2-a98d-4a9f-bc51-30af89286300",1,0,190,190,190,190,4701,0.01
"DELETE","/fablabs/5a71a18373e3bb000f4b6830/jobs?job=19766ec5-52b7-45a0-868d-ee19b1ba3938",1,0,420,419,419,419,15,0.01
"GET","/fablabs/5a71a18373e3bb000f4b6830/jobs?job=19766ec5-52b7-45a0-868d-ee19b1ba3938",1,0,180,181,181,181,4701,0.01
"DELETE","/fablabs/5a71a18373e3bb000f4b6830/jobs?job=19bf9e5a-d0cb-4d2d-aa76-17ef86ce4354",1,0,480,476,476,476,15,0.01
"GET","/fablabs/5a71a18373e3bb000f4b6830/jobs?job=19bf9e5a-d0cb-4d2d-aa76-17ef86ce4354",1,0,290,291,291,291,4701,0.01
"DELETE","/fablabs/5a71a18373e3bb000f4b6830/jobs?job=1c4b43f4-4ab1-4207-ac27-ec635d92ee28",0,0,0,0,0,0,0,0.00
"GET","/fablabs/5a71a18373e3bb000f4b6830/jobs?job=1c4b43f4-4ab1-4207-ac27-ec635d92ee28",0,0,0,0,0,0,0,0.00
"DELETE","/fablabs/5a71a18373e3bb000f4b6830/jobs?job=1e4999a1-9e92-4ef0-9627-fe0c344ab3e3",1,0,570,572,572,572,15,0.01
"GET","/fablabs/5a71a18373e3bb000f4b6830/jobs?job=1e4999a1-9e92-4ef0-9627-fe0c344ab3e3",1,0,380,385,385,385,4701,0.01
"DELETE","/fablabs/5a71a18373e3bb000f4b6830/jobs?job=213e09af-7015-4410-98e6-db6ca5db169b",1,0,420,417,417,417,15,0.01
"GET","/fablabs/5a71a18373e3bb000f4b6830/jobs?job=213e09af-7015-4410-98e6-db6ca5db169b",1,0,180,183,183,183,4701,0.01
"DELETE","/fablabs/5a71a18373e3bb000f4b6830/jobs?job=2170ee66-55e0-4cd2-8620-16bdcf3dc626",1,0,2900,2882,2882,2882,15,0.01
"GET","/fablabs/5a71a18373e3bb000f4b6830/jobs?job=2170ee66-55e0-4cd2-8620-16bdcf3dc626",1,0,180,179,179,179,4701,0.01
"DELETE","/fablabs/5a71a18373e3bb000f4b6830/jobs?job=2471c78a-a0e0-4d56-9dd8-48fcbc7dbad9",0,0,0,0,0,0,0,0.00
"GET","/fablabs/5a71a18373e3bb000f4b6830/jobs?job=2471c78a-a0e0-4d56-9dd8-48fcbc7dbad9",0,0,0,0,0,0,0,0.00
"DELETE","/fablabs/5a71a18373e3bb000f4b6830/jobs?job=2483eb84-8146-4d3f-92b9-ba8cf22ea650",1,0,580,579,579,579,15,0.01
"GET","/fablabs/5a71a18373e3bb000f4b6830/jobs?job=2483eb84-8146-4d3f-92b9-ba8cf22ea650",1,0,160,165,165,165,4701,0.01
"DELETE","/fablabs/5a71a18373e3bb000f4b6830/jobs?job=256d0802-6b82-41d4-93c8-2c88fab81397",1,0,500,505,505,505,15,0.01
"GET","/fablabs/5a71a18373e3bb000f4b6830/jobs?job=256d0802-6b82-41d4-93c8-2c88fab81397",1,0,200,201,201,201,4701,0.01
"DELETE","/fablabs/5a71a18373e3bb000f4b6830/jobs?job=268c5650-ae73-41df-906e-a2c2efc44599",1,0,370,372,372,372,15,0.01
"GET","/fablabs/5a71a18373e3bb000f4b6830/jobs?job=268c5650-ae73-41df-906e-a2c2efc44599",1,0,190,188,188,188,4701,0.01
"DELETE","/fablabs/5a71a18373e3bb000f4b6830/jobs?job=26e44f6c-bbca-4adb-9b24-c8387a931ee7",1,0,300,302,302,302,15,0.01
"GET","/fablabs/5a71a18373e3bb000f4b6830/jobs?job=26e44f6c-bbca-4adb-9b24-c8387a931ee7",1,0,140,143,143,143,4701,0.01
"DELETE","/fablabs/5a71a18373e3bb000f4b6830/jobs?job=28167327-555f-4f50-9df6-690f798d4bc3",1,0,740,744,744,744,15,0.01
"GET","/fablabs/5a71a18373e3bb000f4b6830/jobs?job=28167327-555f-4f50-9df6-690f798d4bc3",1,0,190,188,188,188,4701,0.01
"DELETE","/fablabs/5a71a18373e3bb000f4b6830/jobs?job=29bd54dc-d1d4-4f58-8760-5ee4f53b8cc9",1,0,540,535,535,535,15,0.01
"GET","/fablabs/5a71a18373e3bb000f4b6830/jobs?job=29bd54dc-d1d4-4f58-8760-5ee4f53b8cc9",1,0,280,275,275,275,4701,0.01
"DELETE","/fablabs/5a71a18373e3bb000f4b6830/jobs?job=2bbe089e-80a4-4d89-8f38-80a1f86c3ab4",1,0,380,377,377,377,15,0.01
"GET","/fablabs/5a71a18373e3bb000f4b6830/jobs?job=2bbe089e-80a4-4d89-8f38-80a1f86c3ab4",1,0,150,150,150,150,4701,0.01
"DELETE","/fablabs/5a71a18373e3bb000f4b6830/jobs?job=2bfa560d-1fe0-4276-914e-352084e4495c",1,0,290,291,291,291,15,0.01
"GET","/fablabs/5a71a18373e3bb000f4b6830/jobs?job=2bfa560d-1fe0-4276-914e-352084e4495c",1,0,270,267,267,267,4701,0.01
"DELETE","/fablabs/5a71a18373e3bb000f4b6830/jobs?job=2c3a0525-72ab-4550-ab80-5544cbdb2597",0,0,0,0,0,0,0,0.00
"GET","/fablabs/5a71a18373e3bb000f4b6830/jobs?job=2c3a0525-72ab-4550-ab80-5544cbdb2597",0,0,0,0,0,0,0,0.00
"DELETE","/fablabs/5a71a18373e3bb000f4b6830/jobs?job=2e73517f-0c51-465f-9ac0-be282fa8495b",1,0,360,362,362,362,15,0.01
"GET","/fablabs/5a71a18373e3bb000f4b6830/jobs?job=2e73517f-0c51-465f-9ac0-be282fa8495b",1,0,140,142,142,142,4701,0.01
"DELETE","/fablabs/5a71a18373e3bb000f4b6830/jobs?job=2f64c717-ba04-45e6-803d-f31860f5c801",1,0,300,305,305,305,15,0.01
"GET","/fablabs/5a71a18373e3bb000f4b6830/jobs?job=2f64c717-ba04-45e6-803d-f31860f5c801",1,0,190,186,186,186,4701,0.01
"DELETE","/fablabs/5a71a18373e3bb000f4b6830/jobs?job=2fa04e8f-5efb-4979-baa1-37e4195e30ec",1,0,470,470,470,470,15,0.01
"GET","/fablabs/5a71a18373e3bb000f4b6830/jobs?job=2fa04e8f-5efb-4979-baa1-37e4195e30ec",1,0,210,206,206,206,4701,0.01
"DELETE","/fablabs/5a71a18373e3bb000f4b6830/jobs?job=2fb40b30-c1a5-47be-acc7-8d5489303a89",1,0,300,300,300,300,15,0.01
"GET","/fablabs/5a71a18373e3bb000f4b6830/jobs?job=2fb40b30-c1a5-47be-acc7-8d5489303a89",1,0,190,186,186,186,4701,0.01
"DELETE","/fablabs/5a71a18373e3bb000f4b6830/jobs?job=302a60c0-33c4-4c7d-a2f3-992635a02662",1,0,540,542,542,542,15,0.01
"GET","/fablabs/5a71a18373e3bb000f4b6830/jobs?job=302a60c0-33c4-4c7d-a2f3-992635a02662",1,0,180,179,179,179,4701,0.01
"DELETE","/fablabs/5a71a18373e3bb000f4b6830/jobs?job=306237b4-78da-49ae-8046-8e783c1d92e3",1,0,470,466,466,466,15,0.01
"GET","/fablabs/5a71a18373e3bb000f4b6830/jobs?job=306237b4-78da-49ae-8046-8e783c1d92e3",1,0,180,185,185,185,4701,0.01
"DELETE","/fablabs/5a71a18373e3bb000f4b6830/jobs?job=33c6f88d-6e47-4d8b-8899-33bf865b4332",1,0,290,292,292,292,15,0.01
"GET","/fablabs/5a71a18373e3bb000f4b6830/jobs?job=33c6f88d-6e47-4d8b-8899-33bf865b4332",1,0,180,182,182,182,4701,0.01
"DELETE","/fablabs/5a71a18373e3bb000f4b6830/jobs?job=33d101bf-4a2d-44c6-a979-c1b40036abb0",1,0,410,407,407,407,15,0.01
"GET","/fablabs/5a71a18373e3bb000f4b6830/jobs?job=33d101bf-4a2d-44c6-a979-c1b40036abb0",1,0,160,155,155,155,4701,0.01
"DELETE","/fablabs/5a71a18373e3bb000f4b6830/jobs?job=342440a9-fe6f-4edf-8c0e-9541317a768a",1,0,640,637,637,637,15,0.01
"GET","/fablabs/5a71a18373e3bb000f4b6830/jobs?job=342440a9-fe6f-4edf-8c0e-9541317a768a",1,0,400,402,402,402,4701,0.01
"DELETE","/fablabs/5a71a18373e3bb000f4b6830/jobs?job=3459959e-d39e-4e46-80b4-2b929406d7a4",1,0,450,448,448,448,15,0.01
"GET","/fablabs/5a71a18373e3bb000f4b6830/jobs?job=3459959e-d39e-4e46-80b4-2b929406d7a4",1,0,180,181,181,181,4701,0.01
"DELETE","/fablabs/5a71a18373e3bb000f4b6830/jobs?job=35b5801b-9422-4efd-9332-768b2fd3cf96",1,0,420,417,417,417,15,0.01
"GET","/fablabs/5a71a18373e3bb000f4b6830/jobs?job=35b5801b-9422-4efd-9332-768b2fd3cf96",1,0,660,664,664,664,4701,0.01
"DELETE","/fablabs/5a71a18373e3bb000f4b6830/jobs?job=36011c15-0140-438e-9ce1-bfee1cb6154e",0,0,0,0,0,0,0,0.00
"GET","/fablabs/5a71a18373e3bb000f4b6830/jobs?job=36011c15-0140-438e-9ce1-bfee1cb6154e",0,0,0,0,0,0,0,0.00
"DELETE","/fablabs/5a71a18373e3bb000f4b6830/jobs?job=3726851a-beb9-4432-ad1c-e5b051a7070d",1,0,360,357,357,357,15,0.01
"GET","/fablabs/5a71a18373e3bb000f4b6830/jobs?job=3726851a-beb9-4432-ad1c-e5b051a7070d",1,0,180,178,178,178,4701,0.01
"DELETE","/fablabs/5a71a18373e3bb000f4b6830/jobs?job=38282388-abb5-4a4f-bb0b-7af69a0d371c",1,0,490,487,487,487,15,0.01
"GET","/fablabs/5a71a18373e3bb000f4b6830/jobs?job=38282388-abb5-4a4f-bb0b-7af69a0d371c",1,0,480,476,476,476,4701,0.01
"DELETE","/fablabs/5a71a18373e3bb000f4b6830/jobs?job=382d2fa1-8473-4503-abdf-797a03539e7f",0,0,0,0,0,0,0,0.00
"GET","/fablabs/5a71a18373e3bb000f4b6830/jobs?job=382d2fa1-8473-4503-abdf-797a03539e7f",0,0,0,0,0,0,0,0.00
"DELETE","/fablabs/5a71a18373e3bb000f4b6830/jobs?job=38daf9d6-3290-4ade-bcf3-1172c4c01ddd",1,0,330,327,327,327,15,0.01
"GET","/fablabs/5a71a18373e3bb000f4b6830/jobs?job=38daf9d6-3290-4ade-bcf3-1172c4c01ddd",1,0,320,321,321,321,4701,0.01
"DELETE","/fablabs/5a71a18373e3bb000f4b6830/jobs?job=39f93d46-1fe5-47cd-a8ee-4cb659a408de",1,0,310,310,310,310,15,0.01
"GET","/fablabs/5a71a18373e3bb000f4b6830/jobs?job=39f93d46-1fe5-47cd-a8ee-4cb659a408de",1,0,460,462,462,462,4701,0.01
"DELETE","/fablabs/5a71a18373e3bb000f4b6830/jobs?job=3ae07354-d805-48b9-bebf-34a975571120",1,0,470,467,467,467,15,0.01
"GET","/fablabs/5a71a18373e3bb000f4b6830/jobs?job=3ae07354-d805-48b9-bebf-34a975571120",1,0,250,252,252,252,4701,0.01
"DELETE","/fablabs/5a71a18373e3bb000f4b6830/jobs?job=3bc06870-4cc3-4ffc-9072-89f8e7c7bacc",1,0,560,557,557,557,15,0.01
"GET","/fablabs/5a71a18373e3bb000f4b6830/jobs?job=3bc06870-4cc3-4ffc-9072-89f8e7c7bacc",1,0,440,445,445,445,4701,0.01
"DELETE","/fablabs/5a71a18373e3bb000f4b6830/jobs?job=3bf86289-8a6d-4f90-8b2d-585eeec08758",1,0,310,313,313,313,15,0.01
"GET","/fablabs/5a71a18373e3bb000f4b6830/jobs?job=3bf86289-8a6d-4f90-8b2d-585eeec08758",1,0,160,156,156,156,4701,0.01
"DELETE","/fablabs/5a71a18373e3bb000f4b6830/jobs?job=3cdce92b-8c0f-4f44-9d1e-7b2cb2785366",1,0,390,386,386,386,15,0.01
"GET","/fablabs/5a71a18373e3bb000f4b6830/jobs?job=3cdce92b-8c0f-4f44-9d1e-7b2cb2785366",1,0,140,140,140,140,4701,0.01
"DELETE","/fablabs/5a71a18373e3bb000f4b6830/jobs?job=3dcbfe70-343f-42f6-988f-c19fad21122a",1,0,400,401,401,401,15,0.01
"GET","/fablabs/5a71a18373e3bb000f4b6830/jobs?job=3dcbfe70-343f-42f6-988f-c19fad21122a",1,0,180,182,182,182,4701,0.01
"DELETE","/fablabs/5a71a18373e3bb000f4b6830/jobs?job=3dd1c2ee-bc6f-4116-ba85-1dcc60404dd6",1,0,500,505,505,505,15,0.01
"GET","/fablabs/5a71a18373e3bb000f4b6830/jobs?job=3dd1c2ee-bc6f-4116-ba85-1dcc60404dd6",1,0,200,196,196,196,4701,0.01
"DELETE","/fablabs/5a71a18373e3bb000f4b6830/jobs?job=3e60c755-1f81-4f90-8c9f-ed81c53de4ec",1,0,420,425,425,425,15,0.01
"GET","/fablabs/5a71a18373e3bb000f4b6830/jobs?job=3e60c755-1f81-4f90-8c9f-ed81c53de4ec",1,0,390,392,392,392,4701,0.01
"DELETE","/fablabs/5a71a18373e3bb000f4b6830/jobs?job=3f834420-b450-4d0a-b28e-5a268258be27",1,0,570,570,570,570,15,0.01
"GET","/fablabs/5a71a18373e3bb000f4b6830/jobs?job=3f834420-b450-4d0a-b28e-5a268258be27",1,0,540,541,541,541,4701,0.01
"DELETE","/fablabs/5a71a18373e3bb000f4b6830/jobs?job=3ffcb269-aefc-43bd-a05c-9dfd2dc7c1f8",1,0,430,432,432,432,15,0.01
"GET","/fablabs/5a71a18373e3bb000f4b6830/jobs?job=3ffcb269-aefc-43bd-a05c-9dfd2dc7c1f8",1,0,250,253,253,253,4701,0.01
"DELETE","/fablabs/5a71a18373e3bb000f4b6830/jobs?job=41635081-5a98-41b3-9ee5-835be47f6a37",0,0,0,0,0,0,0,0.00
"GET","/fablabs/5a71a18373e3bb000f4b6830/jobs?job=41635081-5a98-41b3-9ee5-835be47f6a37",0,0,0,0,0,0,0,0.00
"DELETE","/fablabs/5a71a18373e3bb000f4b6830/jobs?job=42f8daf2-cf53-4d89-8af5-d56c1e4e7164",1,0,440,438,438,438,15,0.01
"GET","/fablabs/5a71a18373e3bb000f4b6830/jobs?job=42f8daf2-cf53-4d89-8af5-d56c1e4e7164",1,0,180,182,182,182,4701,0.01
"DELETE","/fablabs/5a71a18373e3bb000f4b6830/jobs?job=4338e58c-af60-46b7-90c3-00f83bda7bd9",1,0,660,662,662,662,15,0.01
"GET","/fablabs/5a71a18373e3bb000f4b6830/jobs?job=4338e58c-af60-46b7-90c3-00f83bda7bd9",1,0,210,210,210,210,4701,0.01
"DELETE","/fablabs/5a71a18373e3bb000f4b6830/jobs?job=46a63ec6-148b-498e-9bbb-07d10509f2c2",1,0,620,623,623,623,15,0.01
"GET","/fablabs/5a71a18373e3bb000f4b6830/jobs?job=46a63ec6-148b-498e-9bbb-07d10509f2c2",1,0,180,182,182,182,4701,0.01
"DELETE","/fablabs/5a71a18373e3bb000f4b6830/jobs?job=470b25bf-90f2-4f6d-85dd-bb75081b3387",1,0,300,305,305,305,15,0.01
"GET","/fablabs/5a71a18373e3bb000f4b6830/jobs?job=470b25bf-90f2-4f6d-85dd-bb75081b3387",1,0,140,139,139,139,4701,0.01
"DELETE","/fablabs/5a71a18373e3bb000f4b6830/jobs?job=48a0ce0a-0265-4feb-a5b2-fa64710a15ce",1,0,300,300,300,300,15,0.01
"GET","/fablabs/5a71a18373e3bb000f4b6830/jobs?job=48a0ce0a-0265-4feb-a5b2-fa64710a15ce",1,0,180,183,183,183,4701,0.01
"DELETE","/fablabs/5a71a18373e3bb000f4b6830/jobs?job=4950ab6a-cfe5-495d-a024-2bc8286e12b9",1,0,570,568,568,568,15,0.01
"GET","/fablabs/5a71a18373e3bb000f4b6830/jobs?job=4950ab6a-cfe5-495d-a024-2bc8286e12b9",1,0,280,282,282,282,4701,0.01
"DELETE","/fablabs/5a71a18373e3bb000f4b6830/jobs?job=4a0a5874-621b-453c-b909-f906a068de4f",1,0,350,349,349,349,15,0.01
"GET","/fablabs/5a71a18373e3bb000f4b6830/jobs?job=4a0a5874-621b-453c-b909-f906a068de4f",1,0,140,144,144,144,4701,0.01
"DELETE","/fablabs/5a71a18373e3bb000f4b6830/jobs?job=4b1f7b72-17e4-4d62-91d0-881a61a56687",1,0,420,424,424,424,15,0.01
"GET","/fablabs/5a71a18373e3bb000f4b6830/jobs?job=4b1f7b72-17e4-4d62-91d0-881a61a56687",1,0,260,263,263,263,4701,0.01
"DELETE","/fablabs/5a71a18373e3bb000f4b6830/jobs?job=4c3c3d1b-9305-4deb-b976-6f7a1755c077",1,0,320,317,317,317,15,0.01
"GET","/fablabs/5a71a18373e3bb000f4b6830/jobs?job=4c3c3d1b-9305-4deb-b976-6f7a1755c077",1,0,310,313,313,313,4701,0.01
"DELETE","/fablabs/5a71a18373e3bb000f4b6830/jobs?job=4d49abf6-d019-4a86-afaa-cc3c7d802f65",1,0,480,478,478,478,15,0.01
"GET","/fablabs/5a71a18373e3bb000f4b6830/jobs?job=4d49abf6-d019-4a86-afaa-cc3c7d802f65",1,0,240,245,245,245,4701,0.01
"DELETE","/fablabs/5a71a18373e3bb000f4b6830/jobs?job=4da4024d-9c0b-47ab-bb86-8b27d0f1d2e4",1,0,540,544,544,544,15,0.01
"GET","/fablabs/5a71a18373e3bb000f4b6830/jobs?job=4da4024d-9c0b-47ab-bb86-8b27d0f1d2e4",1,0,200,200,200,200,4701,0.01
"DELETE","/fablabs/5a71a18373e3bb000f4b6830/jobs?job=4e9c2a5b-0985-4663-a816-bb837d4b71f4",1,0,600,604,604,604,15,0.01
"GET","/fablabs/5a71a18373e3bb000f4b6830/jobs?job=4e9c2a5b-0985-4663-a816-bb837d4b71f4",1,0,160,155,155,155,4701,0.01
"DELETE","/fablabs/5a71a18373e3bb000f4b6830/jobs?job=5023770d-fa1e-4bca-b2d5-9875b5d53aeb",1,0,440,441,441,441,15,0.01
"GET","/fablabs/5a71a18373e3bb000f4b6830/jobs?job=5023770d-fa1e-4bca-b2d5-9875b5d53aeb",1,0,200,200,200,200,4701,0.01
"DELETE","/fablabs/5a71a18373e3bb000f4b6830/jobs?job=506cd1bf-ba21-40f7-a0be-1a7193b56d80",1,0,380,382,382,382,15,0.01
"GET","/fablabs/5a71a18373e3bb000f4b6830/jobs?job=506cd1bf-ba21-40f7-a0be-1a7193b56d80",1,0,400,398,398,398,4701,0.01
"DELETE","/fablabs/5a71a18373e3bb000f4b6830/jobs?job=5190d3a5-09a9-4c93-9afa-706910ec6512",0,0,0,0,0,0,0,0.00
"GET","/fablabs/5a71a18373e3bb000f4b6830/jobs?job=5190d3a5-09a9-4c93-9afa-706910ec6512",0,0,0,0,0,0,0,0.00
"DELETE","/fablabs/5a71a18373e3bb000f4b6830/jobs?job=530510bb-df2e-41fd-82df-3e50d9631336",1,0,2900,2895,2895,2895,15,0.01
"GET","/fablabs/5a71a18373e3bb000f4b6830/jobs?job=530510bb-df2e-41fd-82df-3e50d9631336",1,0,180,178,178,178,4701,0.01
"DELETE","/fablabs/5a71a18373e3bb000f4b6830/jobs?job=596b5fd9-9957-45ae-8141-4a7a780dc116",1,0,360,356,356,356,15,0.01
"GET","/fablabs/5a71a18373e3bb000f4b6830/jobs?job=596b5fd9-9957-45ae-8141-4a7a780dc116",1,0,460,461,461,461,4701,0.01
"DELETE","/fablabs/5a71a18373e3bb000f4b6830/jobs?job=59cefe11-0b39-418f-9cbd-d902c8f540a0",1,0,500,499,499,499,15,0.01
"GET","/fablabs/5a71a18373e3bb000f4b6830/jobs?job=59cefe11-0b39-418f-9cbd-d902c8f540a0",0,0,0,0,0,0,0,0.00
"DELETE","/fablabs/5a71a18373e3bb000f4b6830/jobs?job=5aa4340a-1c61-4d3a-90f3-c5a69b489038",0,0,0,0,0,0,0,0.00
"GET","/fablabs/5a71a18373e3bb000f4b6830/jobs?job=5aa4340a-1c61-4d3a-90f3-c5a69b489038",0,0,0,0,0,0,0,0.00
"DELETE","/fablabs/5a71a18373e3bb000f4b6830/jobs?job=5b68837a-a350-4a57-9a42-01d09438106f",1,0,320,321,321,321,15,0.01
"GET","/fablabs/5a71a18373e3bb000f4b6830/jobs?job=5b68837a-a350-4a57-9a42-01d09438106f",1,0,250,246,246,246,4701,0.01
"DELETE","/fablabs/5a71a18373e3bb000f4b6830/jobs?job=5d6e96b1-af7e-46ae-8fa8-16962730879f",0,0,0,0,0,0,0,0.00
"GET","/fablabs/5a71a18373e3bb000f4b6830/jobs?job=5d6e96b1-af7e-46ae-8fa8-16962730879f",0,0,0,0,0,0,0,0.00
"DELETE","/fablabs/5a71a18373e3bb000f4b6830/jobs?job=5f2d9380-ebf5-4d9f-90ea-37cd3cab4163",1,0,560,561,561,561,15,0.01
"GET","/fablabs/5a71a18373e3bb000f4b6830/jobs?job=5f2d9380-ebf5-4d9f-90ea-37cd3cab4163",1,0,230,229,229,229,4701,0.01
"DELETE","/fablabs/5a71a18373e3bb000f4b6830/jobs?job=5f5128f4-9b8d-4f2b-97b2-cdd4dde7f839",1,0,2100,2051,2051,2051,15,0.01
"GET","/fablabs/5a71a18373e3bb000f4b6830/jobs?job=5f5128f4-9b8d-4f2b-97b2-cdd4dde7f839",1,0,190,187,187,187,4701,0.01
"DELETE","/fablabs/5a71a18373e3bb000f4b6830/jobs?job=5ffe15c9-f4e6-4253-a60f-4f881bd2ed32",1,0,620,621,621,621,15,0.01
"GET","/fablabs/5a71a18373e3bb000f4b6830/jobs?job=5ffe15c9-f4e6-4253-a60f-4f881bd2ed32",1,0,180,183,183,183,4701,0.01
"DELETE","/fablabs/5a71a18373e3bb000f4b6830/jobs?job=607b617c-bafa-44f7-99d3-71cf04f09e8e",1,0,400,400,400,400,15,0.01
"GET","/fablabs/5a71a18373e3bb000f4b6830/jobs?job=607b617c-bafa-44f7-99d3-71cf04f09e8e",1,0,340,338,338,338,4701,0.01
"DELETE","/fablabs/5a71a18373e3bb000f4b6830/jobs?job=647e61cc-a0da-4309-8152-8cd7f4456d94",1,0,370,372,372,372,15,0.01
"GET","/fablabs/5a71a18373e3bb000f4b6830/jobs?job=647e61cc-a0da-4309-8152-8cd7f4456d94",1,0,150,152,152,152,4701,0.01
"DELETE","/fablabs/5a71a18373e3bb000f4b6830/jobs?job=6658c415-8dbc-4fe7-94a4-1cf2b1016024",1,0,440,440,440,440,15,0.01
"GET","/fablabs/5a71a18373e3bb000f4b6830/jobs?job=6658c415-8dbc-4fe7-94a4-1cf2b1016024",1,0,260,255,255,255,4701,0.01
"DELETE","/fablabs/5a71a18373e3bb000f4b6830/jobs?job=66ac181d-bdd7-42f8-bec6-7e83f0a390e2",1,0,350,351,351,351,15,0.01
"GET","/fablabs/5a71a18373e3bb000f4b6830/jobs?job=66ac181d-bdd7-42f8-bec6-7e83f0a390e2",1,0,140,144,144,144,4701,0.01
"DELETE","/fablabs/5a71a18373e3bb000f4b6830/jobs?job=67bf13f7-5392-4ed6-921b-789bd5b23cb3",1,0,690,692,692,692,15,0.01
"GET","/fablabs/5a71a18373e3bb000f4b6830/jobs?job=67bf13f7-5392-4ed6-921b-789bd5b23cb3",1,0,180,184,184,184,4701,0.01
"DELETE","/fablabs/5a71a18373e3bb000f4b6830/jobs?job=68249e4e-6e99-4e63-8c7d-e32464af8a64",1,0,440,443,443,443,15,0.01
"GET","/fablabs/5a71a18373e3bb000f4b6830/jobs?job=68249e4e-6e99-4e63-8c7d-e32464af8a64",1,0,140,142,142,142,4701,0.01
"DELETE","/fablabs/5a71a18373e3bb000f4b6830/jobs?job=6868be0a-9374-42fd-92ec-1f0e45e737ea",1,0,610,610,610,610,15,0.01
"GET","/fablabs/5a71a18373e3bb000f4b6830/jobs?job=6868be0a-9374-42fd-92ec-1f0e45e737ea",1,0,190,194,194,194,4701,0.01
"DELETE","/fablabs/5a71a18373e3bb000f4b6830/jobs?job=6a230c63-ddfd-49a0-833c-76d71cd63210",1,0,680,683,683,683,15,0.01
"GET","/fablabs/5a71a18373e3bb000f4b6830/jobs?job=6a230c63-ddfd-49a0-833c-76d71cd63210",1,0,190,187,187,187,4701,0.01
"DELETE","/fablabs/5a71a18373e3bb000f4b6830/jobs?job=6b4206f7-c771-495d-a3ab-611289585d88",1,0,490,488,488,488,15,0.01
"GET","/fablabs/5a71a18373e3bb000f4b6830/jobs?job=6b4206f7-c771-495d-a3ab-611289585d88",1,0,190,188,188,188,4701,0.01
"DELETE","/fablabs/5a71a18373e3bb000f4b6830/jobs?job=6f4483df-9346-45fd-8faa-0d064d8255ed",1,0,290,290,290,290,15,0.01
"GET","/fablabs/5a71a18373e3bb000f4b6830/jobs?job=6f4483df-9346-45fd-8faa-0d064d8255ed",1,0,200,203,203,203,4701,0.01
"DELETE","/fablabs/5a71a18373e3bb000f4b6830/jobs?job=6faee1d1-5805-4a93-a359-242a80d24a8b",1,0,300,295,295,295,15,0.01
"GET","/fablabs/5a71a18373e3bb000f4b6830/jobs?job=6faee1d1-5805-4a93-a359-242a80d24a8b",1,0,190,188,188,188,4701,0.01
"DELETE","/fablabs/5a71a18373e3bb000f4b6830/jobs?job=700d6107-b903-47e5-b3ea-8687e65728c9",1,0,330,331,331,331,15,0.01
"GET","/fablabs/5a71a18373e3bb000f4b6830/jobs?job=700d6107-b903-47e5-b3ea-8687e65728c9",1,0,190,186,186,186,4701,0.01
"DELETE","/fablabs/5a71a18373e3bb000f4b6830/jobs?job=706e1641-caf4-440a-886d-71d40d840def",1,0,280,285,285,285,15,0.01
"GET","/fablabs/5a71a18373e3bb000f4b6830/jobs?job=706e1641-caf4-440a-886d-71d40d840def",1,0,140,145,145,145,4701,0.01
"DELETE","/fablabs/5a71a18373e3bb000f4b6830/jobs?job=71188435-3f42-4515-b013-c7a50cdbcfeb",1,0,660,656,656,656,15,0.01
"GET","/fablabs/5a71a18373e3bb000f4b6830/jobs?job=71188435-3f42-4515-b013-c7a50cdbcfeb",1,0,180,185,185,185,4701,0.01
"DELETE","/fablabs/5a71a18373e3bb000f4b6830/jobs?job=714e7239-335f-4132-a133-0518955f6e1c",1,0,310,313,313,313,15,0.01
"GET","/fablabs/5a71a18373e3bb000f4b6830/jobs?job=714e7239-335f-4132-a133-0518955f6e1c",1,0,150,150,150,150,4701,0.01
"DELETE","/fablabs/5a71a18373e3bb000f4b6830/jobs?job=71682061-8bd9-4a4c-ae09-0af411cc9a61",1,0,370,366,366,366,15,0.01
"GET","/fablabs/5a71a18373e3bb000f4b6830/jobs?job=71682061-8bd9-4a4c-ae09-0af411cc9a61",1,0,180,185,185,185,4701,0.01
"DELETE","/fablabs/5a71a18373e3bb000f4b6830/jobs?job=71b37f01-badb-449e-b16f-aa6c19a4b6ef",1,0,310,314,314,314,15,0.01
"GET","/fablabs/5a71a18373e3bb000f4b6830/jobs?job=71b37f01-badb-449e-b16f-aa6c19a4b6ef",1,0,380,384,384,384,4701,0.01
"DELETE","/fablabs/5a71a18373e3bb000f4b6830/jobs?job=724b1062-d7a2-4ff6-8dd2-0c7060b54d57",1,0,500,501,501,501,15,0.01
"GET","/fablabs/5a71a18373e3bb000f4b6830/jobs?job=724b1062-d7a2-4ff6-8dd2-0c7060b54d57",1,0,210,207,207,207,4701,0.01
"DELETE","/fablabs/5a71a18373e3bb000f4b6830/jobs?job=7278f03e-f6df-417a-bcb7-6b0b40ba582a",1,0,570,566,566,566,15,0.01
"GET","/fablabs/5a71a18373e3bb000f4b6830/jobs?job=7278f03e-f6df-417a-bcb7-6b0b40ba582a",1,0,320,320,320,320,4701,0.01
"DELETE","/fablabs/5a71a18373e3bb000f4b6830/jobs?job=73d85afe-19ca-4871-9542-77590907ec2e",1,0,460,462,462,462,15,0.01
"GET","/fablabs/5a71a18373e3bb000f4b6830/jobs?job=73d85afe-19ca-4871-9542-77590907ec2e",1,0,150,154,154,154,4701,0.01
"DELETE","/fablabs/5a71a18373e3bb000f4b6830/jobs?job=747deb70-f535-4226-9304-6f8311d241d2",1,0,600,605,605,605,15,0.01
"GET","/fablabs/5a71a18373e3bb000f4b6830/jobs?job=747deb70-f535-4226-9304-6f8311d241d2",1,0,190,193,193,193,4701,0.01
"DELETE","/fablabs/5a71a18373e3bb000f4b6830/jobs?job=757becd8-e3f3-472b-905d-6d4db8225d87",1,0,590,592,592,592,15,0.01
"GET","/fablabs/5a71a18373e3bb000f4b6830/jobs?job=757becd8-e3f3-472b-905d-6d4db8225d87",1,0,190,186,186,186,4701,0.01
"DELETE","/fablabs/5a71a18373e3bb000f4b6830/jobs?job=76e35bb0-8e53-4604-bb3b-8367c26f87d7",1,0,360,362,362,362,15,0.01
"GET","/fablabs/5a71a18373e3bb000f4b6830/jobs?job=76e35bb0-8e53-4604-bb3b-8367c26f87d7",1,0,280,279,279,279,4701,0.01
"DELETE","/fablabs/5a71a18373e3bb000f4b6830/jobs?job=76f1937c-077d-4192-91b6-65bcf3677baf",1,0,600,604,604,604,15,0.01
"GET","/fablabs/5a71a18373e3bb000f4b6830/jobs?job=76f1937c-077d-4192-91b6-65bcf3677baf",1,0,320,315,315,315,4701,0.01
"DELETE","/fablabs/5a71a18373e3bb000f4b6830/jobs?job=772c813a-bf77-4691-b15e-42eb4e9a1559",1,0,300,297,297,297,15,0.01
"GET","/fablabs/5a71a18373e3bb000f4b6830/jobs?job=772c813a-bf77-4691-b15e-42eb4e9a1559",1,0,250,247,247,247,4701,0.01
"DELETE","/fablabs/5a71a18373e3bb000f4b6830/jobs?job=77769935-a241-48bf-9103-269e3d13c110",1,0,560,564,564,564,15,0.01
"GET","/fablabs/5a71a18373e3bb000f4b6830/jobs?job=77769935-a241-48bf-9103-269e3d13c110",1,0,190,191,191,191,4701,0.01
"DELETE","/fablabs/5a71a18373e3bb000f4b6830/jobs?job=77a7d7ce-e7ad-46e8-af2b-85ce188db0fe",1,0,310,306,306,306,15,0.01
"GET","/fablabs/5a71a18373e3bb000f4b6830/jobs?job=77a7d7ce-e7ad-46e8-af2b-85ce188db0fe",1,0,490,488,488,488,4701,0.01
"DELETE","/fablabs/5a71a18373e3bb000f4b6830/jobs?job=7886e9b8-449d-44e8-9a1d-cd95a52a3991",1,0,610,613,613,613,15,0.01
"GET","/fablabs/5a71a18373e3bb000f4b6830/jobs?job=7886e9b8-449d-44e8-9a1d-cd95a52a3991",1,0,180,180,180,180,4701,0.01
"DELETE","/fablabs/5a71a18373e3bb000f4b6830/jobs?job=7a752abe-81cf-4dd5-b331-85ac439f252b",1,0,470,470,470,470,15,0.01
"GET","/fablabs/5a71a18373e3bb000f4b6830/jobs?job=7a752abe-81cf-4dd5-b331-85ac439f252b",1,0,190,192,192,192,4701,0.01
"DELETE","/fablabs/5a71a18373e3bb000f4b6830/jobs?job=7c3f9a3e-f0c0-46b7-b372-53c9661e26c7",1,0,390,387,387,387,15,0.01
"GET","/fablabs/5a71a18373e3bb000f4b6830/jobs?job=7c3f9a3e-f0c0-46b7-b372-53c9661e26c7",1,0,180,183,183,183,4701,0.01
"DELETE","/fablabs/5a71a18373e3bb000f4b6830/jobs?job=7df80626-b7b9-4540-ae92-20446e0cf1ca",1,0,390,391,391,391,15,0.01
"GET","/fablabs/5a71a18373e3bb000f4b6830/jobs?job=7df80626-b7b9-4540-ae92-20446e0cf1ca",1,0,150,150,150,150,4701,0.01
"DELETE","/fablabs/5a71a18373e3bb000f4b6830/jobs?job=7ec94316-7677-4c2c-b58c-46f77df382f5",1,0,760,765,765,765,15,0.01
"GET","/fablabs/5a71a18373e3bb000f4b6830/jobs?job=7ec94316-7677-4c2c-b58c-46f77df382f5",1,0,260,261,261,261,4701,0.01
"DELETE","/fablabs/5a71a18373e3bb000f4b6830/jobs?job=7fa9a580-9270-4bc9-9e8d-01e53dbd7d96",1,0,710,709,709,709,15,0.01
"GET","/fablabs/5a71a18373e3bb000f4b6830/jobs?job=7fa9a580-9270-4bc9-9e8d-01e53dbd7d96",1,0,190,186,186,186,4701,0.01
"DELETE","/fablabs/5a71a18373e3bb000f4b6830/jobs?job=811a2022-7905-4349-9176-0d740c6dd96f",1,0,310,306,306,306,15,0.01
"GET","/fablabs/5a71a18373e3bb000f4b6830/jobs?job=811a2022-7905-4349-9176-0d740c6dd96f",1,0,320,315,315,315,4701,0.01
"DELETE","/fablabs/5a71a18373e3bb000f4b6830/jobs?job=818e5b02-5560-483e-8888-24d67626159c",1,0,310,306,306,306,15,0.01
"GET","/fablabs/5a71a18373e3bb000f4b6830/jobs?job=818e5b02-5560-483e-8888-24d67626159c",1,0,210,208,208,208,4701,0.01
"DELETE","/fablabs/5a71a18373e3bb000f4b6830/jobs?job=81f1ee3c-993e-4f06-8b97-de753ae3e4c8",1,0,390,394,394,394,15,0.01
"GET","/fablabs/5a71a18373e3bb000f4b6830/jobs?job=81f1ee3c-993e-4f06-8b97-de753ae3e4c8",1,0,310,311,311,311,4701,0.01
"DELETE","/fablabs/5a71a18373e3bb000f4b6830/jobs?job=83811a59-6210-459f-b8c1-8c78c7b3b452",1,0,310,308,308,308,15,0.01
"GET","/fablabs/5a71a18373e3bb000f4b6830/jobs?job=83811a59-6210-459f-b8c1-8c78c7b3b452",1,0,180,184,184,184,4701,0.01
"DELETE","/fablabs/5a71a18373e3bb000f4b6830/jobs?job=8408581c-6e56-4f10-aea5-52e4b3fbd960",1,0,350,352,352,352,15,0.01
"GET","/fablabs/5a71a18373e3bb000f4b6830/jobs?job=8408581c-6e56-4f10-aea5-52e4b3fbd960",1,0,150,152,152,152,4701,0.01
"DELETE","/fablabs/5a71a18373e3bb000f4b6830/jobs?job=85b5c71c-51ef-4761-8d3a-fb2685eb9ba3",1,0,330,326,326,326,15,0.01
"GET","/fablabs/5a71a18373e3bb000f4b6830/jobs?job=85b5c71c-51ef-4761-8d3a-fb2685eb9ba3",1,0,200,205,205,205,4701,0.01
"DELETE","/fablabs/5a71a18373e3bb000f4b6830/jobs?job=868a314b-2770-4b00-8fed-bd1f1897fae5",1,0,660,655,655,655,15,0.01
"GET","/fablabs/5a71a18373e3bb000f4b6830/jobs?job=868a314b-2770-4b00-8fed-bd1f1897fae5",1,0,180,185,185,185,4701,0.01
"DELETE","/fablabs/5a71a18373e3bb000f4b6830/jobs?job=88770e47-eecd-4a67-a491-bf1d8dc096b1",1,0,440,441,441,441,15,0.01
"GET","/fablabs/5a71a18373e3bb000f4b6830/jobs?job=88770e47-eecd-4a67-a491-bf1d8dc096b1",1,0,260,256,256,256,4701,0.01
"DELETE","/fablabs/5a71a18373e3bb000f4b6830/jobs?job=88a3e19d-cabf-42f2-860c-16970dcd0188",1,0,300,301,301,301,15,0.01
"GET","/fablabs/5a71a18373e3bb000f4b6830/jobs?job=88a3e19d-cabf-42f2-860c-16970dcd0188",1,0,560,560,560,560,4701,0.01
"DELETE","/fablabs/5a71a18373e3bb000f4b6830/jobs?job=8910a19c-8b44-4034-a0eb-84313c94e763",1,0,400,401,401,401,15,0.01
"GET","/fablabs/5a71a18373e3bb000f4b6830/jobs?job=8910a19c-8b44-4034-a0eb-84313c94e763",1,0,200,205,205,205,4701,0.01
"DELETE","/fablabs/5a71a18373e3bb000f4b6830/jobs?job=8950e705-0014-4999-9cc7-eb52df76c123",1,0,730,728,728,728,15,0.01
"GET","/fablabs/5a71a18373e3bb000f4b6830/jobs?job=8950e705-0014-4999-9cc7-eb52df76c123",1,0,180,176,176,176,4701,0.01
"DELETE","/fablabs/5a71a18373e3bb000f4b6830/jobs?job=8a8377c4-d70b-4bab-b1c5-93350d57bf4e",1,0,360,359,359,359,15,0.01
"GET","/fablabs/5a71a18373e3bb000f4b6830/jobs?job=8a8377c4-d70b-4bab-b1c5-93350d57bf4e",1,0,520,516,516,516,4701,0.01
"DELETE","/fablabs/5a71a18373e3bb000f4b6830/jobs?job=8c4971f7-a048-4629-ba9c-7f550c5a7e64",1,0,290,294,294,294,15,0.01
"GET","/fablabs/5a71a18373e3bb000f4b6830/jobs?job=8c4971f7-a048-4629-ba9c-7f550c5a7e64",1,0,210,211,211,211,4701,0.01
"DELETE","/fablabs/5a71a18373e3bb000f4b6830/jobs?job=8d3963a7-3e0b-4a73-92d5-b6f401376f36",1,0,480,483,483,483,15,0.01
"GET","/fablabs/5a71a18373e3bb000f4b6830/jobs?job=8d3963a7-3e0b-4a73-92d5-b6f401376f36",1,0,210,210,210,210,4701,0.01
"DELETE","/fablabs/5a71a18373e3bb000f4b6830/jobs?job=9055508b-7b46-41a9-a048-950d63ffd07a",1,0,650,651,651,651,15,0.01
"GET","/fablabs/5a71a18373e3bb000f4b6830/jobs?job=9055508b-7b46-41a9-a048-950d63ffd07a",1,0,180,181,181,181,4701,0.01
"DELETE","/fablabs/5a71a18373e3bb000f4b6830/jobs?job=90566bda-e729-4cf1-8c6b-f1deacb17eb6",1,0,360,359,359,359,15,0.01
"GET","/fablabs/5a71a18373e3bb000f4b6830/jobs?job=90566bda-e729-4cf1-8c6b-f1deacb17eb6",1,0,480,476,476,476,4701,0.01
"DELETE","/fablabs/5a71a18373e3bb000f4b6830/jobs?job=92221ec2-8507-4d96-a62f-9e6a93770ea7",1,0,400,395,395,395,15,0.01
"GET","/fablabs/5a71a18373e3bb000f4b6830/jobs?job=92221ec2-8507-4d96-a62f-9e6a93770ea7",1,0,190,189,189,189,4701,0.01
"DELETE","/fablabs/5a71a18373e3bb000f4b6830/jobs?job=93134b3f-c19d-41e1-885f-182bff33e34d",0,0,0,0,0,0,0,0.00
"GET","/fablabs/5a71a18373e3bb000f4b6830/jobs?job=93134b3f-c19d-41e1-885f-182bff33e34d",0,0,0,0,0,0,0,0.00
"DELETE","/fablabs/5a71a18373e3bb000f4b6830/jobs?job=94ca3ff1-75cc-44ac-9c8f-6ca13221158a",1,0,450,450,450,450,15,0.01
"GET","/fablabs/5a71a18373e3bb000f4b6830/jobs?job=94ca3ff1-75cc-44ac-9c8f-6ca13221158a",1,0,140,140,140,140,4701,0.01
"DELETE","/fablabs/5a71a18373e3bb000f4b6830/jobs?job=9ad52545-17c3-4e8e-9d2e-ab714282adb3",1,0,460,458,458,458,15,0.01
"GET","/fablabs/5a71a18373e3bb000f4b6830/jobs?job=9ad52545-17c3-4e8e-9d2e-ab714282adb3",1,0,260,258,258,258,4701,0.01
"DELETE","/fablabs/5a71a18373e3bb000f4b6830/jobs?job=9b0a154f-25b0-4bd1-9fd3-9c974f0e704a",1,0,370,366,366,366,15,0.01
"GET","/fablabs/5a71a18373e3bb000f4b6830/jobs?job=9b0a154f-25b0-4bd1-9fd3-9c974f0e704a",1,0,200,195,195,195,4701,0.01
"DELETE","/fablabs/5a71a18373e3bb000f4b6830/jobs?job=9de0a82a-09e6-4662-8900-c93ca0d71069",1,0,520,515,515,515,15,0.01
"GET","/fablabs/5a71a18373e3bb000f4b6830/jobs?job=9de0a82a-09e6-4662-8900-c93ca0d71069",1,0,260,257,257,257,4701,0.01
"DELETE","/fablabs/5a71a18373e3bb000f4b6830/jobs?job=9e6e2087-8d3f-40fc-b7be-9a91281a92fb",0,0,0,0,0,0,0,0.00
"GET","/fablabs/5a71a18373e3bb000f4b6830/jobs?job=9e6e2087-8d3f-40fc-b7be-9a91281a92fb",0,0,0,0,0,0,0,0.00
"DELETE","/fablabs/5a71a18373e3bb000f4b6830/jobs?job=9f3cce6c-9c3c-4771-969d-6ccb1cd81ec3",1,0,380,383,383,383,15,0.01
"GET","/fablabs/5a71a18373e3bb000f4b6830/jobs?job=9f3cce6c-9c3c-4771-969d-6ccb1cd81ec3",1,0,180,183,183,183,4701,0.01
"DELETE","/fablabs/5a71a18373e3bb000f4b6830/jobs?job=a0002c98-a07d-48c4-aca5-b2caa381899b",1,0,320,317,317,317,15,0.01
"GET","/fablabs/5a71a18373e3bb000f4b6830/jobs?job=a0002c98-a07d-48c4-aca5-b2caa381899b",1,0,320,318,318,318,4701,0.01
"DELETE","/fablabs/5a71a18373e3bb000f4b6830/jobs?job=a432def1-4726-47c9-b88f-fc4d8961ec12",1,0,300,297,297,297,15,0.01
"GET","/fablabs/5a71a18373e3bb000f4b6830/jobs?job=a432def1-4726-47c9-b88f-fc4d8961ec12",1,0,180,183,183,183,4701,0.01
"DELETE","/fablabs/5a71a18373e3bb000f4b6830/jobs?job=a703ace3-afef-4718-acd6-0ecd7c851865",1,0,360,361,361,361,15,0.01
"GET","/fablabs/5a71a18373e3bb000f4b6830/jobs?job=a703ace3-afef-4718-acd6-0ecd7c851865",1,0,190,191,191,191,4701,0.01
"DELETE","/fablabs/5a71a18373e3bb000f4b6830/jobs?job=a84dcf87-82a3-4097-a473-2bc5034cbd92",1,0,310,306,306,306,15,0.01
"GET","/fablabs/5a71a18373e3bb000f4b6830/jobs?job=a84dcf87-82a3-4097-a473-2bc5034cbd92",1,0,180,183,183,183,4701,0.01
"DELETE","/fablabs/5a71a18373e3bb000f4b6830/jobs?job=a8e26350-66bd-4a1e-b3c6-643250826eb0",1,0,740,736,736,736,15,0.01
"GET","/fablabs/5a71a18373e3bb000f4b6830/jobs?job=a8e26350-66bd-4a1e-b3c6-643250826eb0",1,0,180,182,182,182,4701,0.01
"DELETE","/fablabs/5a71a18373e3bb000f4b6830/jobs?job=a900faca-a2b7-4ba8-ae07-9751e56fd286",1,0,560,560,560,560,15,0.01
"GET","/fablabs/5a71a18373e3bb000f4b6830/jobs?job=a900faca-a2b7-4ba8-ae07-9751e56fd286",1,0,540,542,542,542,4701,0.01
"DELETE","/fablabs/5a71a18373e3bb000f4b6830/jobs?job=aa6f7a69-b6de-4db1-a00b-acf6fe04f6f6",1,0,540,536,536,536,15,0.01
"GET","/fablabs/5a71a18373e3bb000f4b6830/jobs?job=aa6f7a69-b6de-4db1-a00b-acf6fe04f6f6",1,0,260,257,257,257,4701,0.01
"DELETE","/fablabs/5a71a18373e3bb000f4b6830/jobs?job=aa7d5e07-fc94-4373-b9f1-fd0cb7230257",1,0,700,702,702,702,15,0.01
"GET","/fablabs/5a71a18373e3bb000f4b6830/jobs?job=aa7d5e07-fc94-4373-b9f1-fd0cb7230257",1,0,260,255,255,255,4701,0.01
"DELETE","/fablabs/5a71a18373e3bb000f4b6830/jobs?job=ac6209bd-9d22-49d0-aa3e-a1e63649b285",0,0,0,0,0,0,0,0.00
"GET","/fablabs/5a71a18373e3bb000f4b6830/jobs?job=ac6209bd-9d22-49d0-aa3e-a1e63649b285",0,0,0,0,0,0,0,0.00
"DELETE","/fablabs/5a71a18373e3bb000f4b6830/jobs?job=acb568f9-9b83-449c-890d-3a2b37a250e0",0,0,0,0,0,0,0,0.00
"GET","/fablabs/5a71a18373e3bb000f4b6830/jobs?job=acb568f9-9b83-449c-890d-3a2b37a250e0",0,0,0,0,0,0,0,0.00
"DELETE","/fablabs/5a71a18373e3bb000f4b6830/jobs?job=ad2a43fe-9b61-45ff-a8dc-07352ce63db4",1,0,330,329,329,329,15,0.01
"GET","/fablabs/5a71a18373e3bb000f4b6830/jobs?job=ad2a43fe-9b61-45ff-a8dc-07352ce63db4",1,0,370,367,367,367,4701,0.01
"DELETE","/fablabs/5a71a18373e3bb000f4b6830/jobs?job=adfdd296-0791-4bfc-983d-565059609aa0",1,0,850,852,852,852,15,0.01
"GET","/fablabs/5a71a18373e3bb000f4b6830/jobs?job=adfdd296-0791-4bfc-983d-565059609aa0",1,0,470,467,467,467,4701,0.01
"DELETE","/fablabs/5a71a18373e3bb000f4b6830/jobs?job=ae380e93-e025-4bbf-8c3b-df91a522dc61",1,0,580,580,580,580,15,0.01
"GET","/fablabs/5a71a18373e3bb000f4b6830/jobs?job=ae380e93-e025-4bbf-8c3b-df91a522dc61",1,0,220,222,222,222,4701,0.01
"DELETE","/fablabs/5a71a18373e3bb000f4b6830/jobs?job=b0a11504-1bac-4be3-932b-a77e51b3969d",1,0,320,317,317,317,15,0.01
"GET","/fablabs/5a71a18373e3bb000f4b6830/jobs?job=b0a11504-1bac-4be3-932b-a77e51b3969d",1,0,250,249,249,249,4701,0.01
"DELETE","/fablabs/5a71a18373e3bb000f4b6830/jobs?job=b1c4c9ca-abbd-459f-b260-b65b139f36da",1,0,310,313,313,313,15,0.01
"GET","/fablabs/5a71a18373e3bb000f4b6830/jobs?job=b1c4c9ca-abbd-459f-b260-b65b139f36da",1,0,180,185,185,185,4701,0.01
"DELETE","/fablabs/5a71a18373e3bb000f4b6830/jobs?job=b2abd3df-4613-4b12-bede-e2e1cc03794c",1,0,610,609,609,609,15,0.01
"GET","/fablabs/5a71a18373e3bb000f4b6830/jobs?job=b2abd3df-4613-4b12-bede-e2e1cc03794c",1,0,160,155,155,155,4701,0.01
"DELETE","/fablabs/5a71a18373e3bb000f4b6830/jobs?job=b33c4eb7-338c-4559-a498-ca9592ae4014",0,0,0,0,0,0,0,0.00
"GET","/fablabs/5a71a18373e3bb000f4b6830/jobs?job=b33c4eb7-338c-4559-a498-ca9592ae4014",0,0,0,0,0,0,0,0.00
"DELETE","/fablabs/5a71a18373e3bb000f4b6830/jobs?job=b8757c7e-a157-4520-8a89-6767ce0a0966",1,0,420,421,421,421,15,0.01
"GET","/fablabs/5a71a18373e3bb000f4b6830/jobs?job=b8757c7e-a157-4520-8a89-6767ce0a0966",1,0,260,255,255,255,4701,0.01
"DELETE","/fablabs/5a71a18373e3bb000f4b6830/jobs?job=b9517284-80ef-43d7-923d-14db4549e775",1,0,410,412,412,412,15,0.01
"GET","/fablabs/5a71a18373e3bb000f4b6830/jobs?job=b9517284-80ef-43d7-923d-14db4549e775",1,0,280,275,275,275,4701,0.01
"DELETE","/fablabs/5a71a18373e3bb000f4b6830/jobs?job=bc36dbd1-abdd-4627-aa50-c4d5f2ba171c",1,0,490,489,489,489,15,0.01
"GET","/fablabs/5a71a18373e3bb000f4b6830/jobs?job=bc36dbd1-abdd-4627-aa50-c4d5f2ba171c",1,0,280,281,281,281,4701,0.01
"DELETE","/fablabs/5a71a18373e3bb000f4b6830/jobs?job=bc6177f6-6ea2-448f-87ac-db7bc9a506c2",0,0,0,0,0,0,0,0.00
"GET","/fablabs/5a71a18373e3bb000f4b6830/jobs?job=bc6177f6-6ea2-448f-87ac-db7bc9a506c2",0,0,0,0,0,0,0,0.00
"DELETE","/fablabs/5a71a18373e3bb000f4b6830/jobs?job=be31a991-d764-48b6-9f2e-da371df5c35a",1,0,520,518,518,518,15,0.01
"GET","/fablabs/5a71a18373e3bb000f4b6830/jobs?job=be31a991-d764-48b6-9f2e-da371df5c35a",1,0,260,258,258,258,4701,0.01
"DELETE","/fablabs/5a71a18373e3bb000f4b6830/jobs?job=bfbe4c2c-33b5-435a-811d-1aa24fbf253b",1,0,430,431,431,431,15,0.01
"GET","/fablabs/5a71a18373e3bb000f4b6830/jobs?job=bfbe4c2c-33b5-435a-811d-1aa24fbf253b",1,0,260,260,260,260,4701,0.01
"DELETE","/fablabs/5a71a18373e3bb000f4b6830/jobs?job=c01703af-2ac3-48e0-ab1d-51cca9025fea",1,0,1100,1073,1073,1073,15,0.01
"GET","/fablabs/5a71a18373e3bb000f4b6830/jobs?job=c01703af-2ac3-48e0-ab1d-51cca9025fea",1,0,270,273,273,273,4701,0.01
"DELETE","/fablabs/5a71a18373e3bb000f4b6830/jobs?job=c024b2ef-3748-4c85-8c16-e2689c22001f",1,0,400,395,395,395,15,0.01
"GET","/fablabs/5a71a18373e3bb000f4b6830/jobs?job=c024b2ef-3748-4c85-8c16-e2689c22001f",1,0,180,181,181,181,4701,0.01
"DELETE","/fablabs/5a71a18373e3bb000f4b6830/jobs?job=c117222f-ab47-45e7-9181-db889f243001",1,0,390,391,391,391,15,0.01
"GET","/fablabs/5a71a18373e3bb000f4b6830/jobs?job=c117222f-ab47-45e7-9181-db889f243001",1,0,230,226,226,226,4701,0.01
"DELETE","/fablabs/5a71a18373e3bb000f4b6830/jobs?job=c18ca743-246a-4297-850f-80c5bbb43f03",1,0,290,286,286,286,15,0.01
"GET","/fablabs/5a71a18373e3bb000f4b6830/jobs?job=c18ca743-246a-4297-850f-80c5bbb43f03",1,0,160,161,161,161,4701,0.01
"DELETE","/fablabs/5a71a18373e3bb000f4b6830/jobs?job=c30fc78c-7647-47b0-9c55-3a1c2cfdd2b8",1,0,310,306,306,306,15,0.01
"GET","/fablabs/5a71a18373e3bb000f4b6830/jobs?job=c30fc78c-7647-47b0-9c55-3a1c2cfdd2b8",1,0,250,248,248,248,4701,0.01
"DELETE","/fablabs/5a71a18373e3bb000f4b6830/jobs?job=c33802d6-0efb-432a-a950-03a0d206bd65",1,0,580,581,581,581,15,0.01
"GET","/fablabs/5a71a18373e3bb000f4b6830/jobs?job=c33802d6-0efb-432a-a950-03a0d206bd65",1,0,270,270,270,270,4701,0.01
"DELETE","/fablabs/5a71a18373e3bb000f4b6830/jobs?job=c3a4deb8-0ccf-4cf4-885c-be5bda2cef83",1,0,700,699,699,699,15,0.01
"GET","/fablabs/5a71a18373e3bb000f4b6830/jobs?job=c3a4deb8-0ccf-4cf4-885c-be5bda2cef83",1,0,150,149,149,149,4701,0.01
"DELETE","/fablabs/5a71a18373e3bb000f4b6830/jobs?job=c82a68e3-5428-4eba-8541-9fd97d30a0e9",1,0,420,425,425,425,15,0.01
"GET","/fablabs/5a71a18373e3bb000f4b6830/jobs?job=c82a68e3-5428-4eba-8541-9fd97d30a0e9",1,0,320,324,324,324,4701,0.01
"DELETE","/fablabs/5a71a18373e3bb000f4b6830/jobs?job=c8f9f4c9-27ea-4b9c-92a2-d77d61c28f5b",1,0,460,465,465,465,15,0.01
"GET","/fablabs/5a71a18373e3bb000f4b6830/jobs?job=c8f9f4c9-27ea-4b9c-92a2-d77d61c28f5b",1,0,150,154,154,154,4701,0.01
"DELETE","/fablabs/5a71a18373e3bb000f4b6830/jobs?job=c974cd50-20f2-4658-810e-87587fdb07af",1,0,360,356,356,356,15,0.01
"GET","/fablabs/5a71a18373e3bb000f4b6830/jobs?job=c974cd50-20f2-4658-810e-87587fdb07af",1,0,260,257,257,257,4701,0.01
"DELETE","/fablabs/5a71a18373e3bb000f4b6830/jobs?job=c9f72f19-6b6f-42b6-b4e2-4e4bc5790acd",0,0,0,0,0,0,0,0.00
"GET","/fablabs/5a71a18373e3bb000f4b6830/jobs?job=c9f72f19-6b6f-42b6-b4e2-4e4bc5790acd",0,0,0,0,0,0,0,0.00
"DELETE","/fablabs/5a71a18373e3bb000f4b6830/jobs?job=ca5f8d1d-7033-4c2e-8652-975eba439dc6",1,0,360,365,365,365,15,0.01
"GET","/fablabs/5a71a18373e3bb000f4b6830/jobs?job=ca5f8d1d-7033-4c2e-8652-975eba439dc6",1,0,190,192,192,192,4701,0.01
"DELETE","/fablabs/5a71a18373e3bb000f4b6830/jobs?job=cac5259f-d015-42cc-a866-28f87d211d5a",1,0,450,448,448,448,15,0.01
"GET","/fablabs/5a71a18373e3bb000f4b6830/jobs?job=cac5259f-d015-42cc-a866-28f87d211d5a",1,0,270,274,274,274,4701,0.01
"DELETE","/fablabs/5a71a18373e3bb000f4b6830/jobs?job=cad07ffd-5487-4409-9077-fc6aa9cb5ddf",1,0,370,373,373,373,15,0.01
"GET","/fablabs/5a71a18373e3bb000f4b6830/jobs?job=cad07ffd-5487-4409-9077-fc6aa9cb5ddf",1,0,180,184,184,184,4701,0.01
"DELETE","/fablabs/5a71a18373e3bb000f4b6830/jobs?job=cb58b236-fa99-4b19-bb30-d6b04cb45bb4",1,0,570,566,566,566,15,0.01
"GET","/fablabs/5a71a18373e3bb000f4b6830/jobs?job=cb58b236-fa99-4b19-bb30-d6b04cb45bb4",1,0,340,337,337,337,4701,0.01
"DELETE","/fablabs/5a71a18373e3bb000f4b6830/jobs?job=cc6e5b42-37d6-4bea-b842-c510f99bf129",0,0,0,0,0,0,0,0.00
"GET","/fablabs/5a71a18373e3bb000f4b6830/jobs?job=cc6e5b42-37d6-4bea-b842-c510f99bf129",0,0,0,0,0,0,0,0.00
"DELETE","/fablabs/5a71a18373e3bb000f4b6830/jobs?job=cce0f480-f82a-48cf-812e-fdb8ef1073f0",1,0,460,465,465,465,15,0.01
"GET","/fablabs/5a71a18373e3bb000f4b6830/jobs?job=cce0f480-f82a-48cf-812e-fdb8ef1073f0",1,0,350,347,347,347,4701,0.01
"DELETE","/fablabs/5a71a18373e3bb000f4b6830/jobs?job=d053d696-dac2-4d74-9426-bc14923bc14e",1,0,300,305,305,305,15,0.01
"GET","/fablabs/5a71a18373e3bb000f4b6830/jobs?job=d053d696-dac2-4d74-9426-bc14923bc14e",1,0,250,249,249,249,4701,0.01
"DELETE","/fablabs/5a71a18373e3bb000f4b6830/jobs?job=d4e36082-3940-4c2f-bf68-f0f83c8d3488",1,0,400,404,404,404,15,0.01
"GET","/fablabs/5a71a18373e3bb000f4b6830/jobs?job=d4e36082-3940-4c2f-bf68-f0f83c8d3488",1,0,250,250,250,250,4701,0.01
"DELETE","/fablabs/5a71a18373e3bb000f4b6830/jobs?job=d75c38c9-3f45-47ce-8158-3bfbc8430b3a",1,0,480,475,475,475,15,0.01
"GET","/fablabs/5a71a18373e3bb000f4b6830/jobs?job=d75c38c9-3f45-47ce-8158-3bfbc8430b3a",1,0,180,183,183,183,4701,0.01
"DELETE","/fablabs/5a71a18373e3bb000f4b6830/jobs?job=d9b8da25-4367-4ced-be9e-dec0885dce2c",1,0,520,521,521,521,15,0.01
"GET","/fablabs/5a71a18373e3bb000f4b6830/jobs?job=d9b8da25-4367-4ced-be9e-dec0885dce2c",1,0,280,275,275,275,4701,0.01
"DELETE","/fablabs/5a71a18373e3bb000f4b6830/jobs?job=dc8be881-ded9-4418-b9f0-0782233a34ce",1,0,550,549,549,549,15,0.01
"GET","/fablabs/5a71a18373e3bb000f4b6830/jobs?job=dc8be881-ded9-4418-b9f0-0782233a34ce",1,0,200,199,199,199,4701,0.01
"DELETE","/fablabs/5a71a18373e3bb000f4b6830/jobs?job=dd0c4158-3038-41a2-9620-e30e4431ddce",1,0,2700,2718,2718,2718,15,0.01
"GET","/fablabs/5a71a18373e3bb000f4b6830/jobs?job=dd0c4158-3038-41a2-9620-e30e4431ddce",1,0,320,321,321,321,4701,0.01
"DELETE","/fablabs/5a71a18373e3bb000f4b6830/jobs?job=ddd48ce1-4735-47f0-8dbe-65648166bab4",0,0,0,0,0,0,0,0.00
"GET","/fablabs/5a71a18373e3bb000f4b6830/jobs?job=ddd48ce1-4735-47f0-8dbe-65648166bab4",0,0,0,0,0,0,0,0.00
"DELETE","/fablabs/5a71a18373e3bb000f4b6830/jobs?job=df84b161-a740-41ac-8895-fe13220ec114",1,0,350,349,349,349,15,0.01
"GET","/fablabs/5a71a18373e3bb000f4b6830/jobs?job=df84b161-a740-41ac-8895-fe13220ec114",1,0,250,246,246,246,4701,0.01
"DELETE","/fablabs/5a71a18373e3bb000f4b6830/jobs?job=df8bcd88-7043-4434-a4eb-2873a8d4b6e8",1,0,500,499,499,499,15,0.01
"GET","/fablabs/5a71a18373e3bb000f4b6830/jobs?job=df8bcd88-7043-4434-a4eb-2873a8d4b6e8",1,0,140,141,141,141,4701,0.01
"DELETE","/fablabs/5a71a18373e3bb000f4b6830/jobs?job=e0708ea9-645e-4cc8-9c25-1983d4fbf939",1,0,390,393,393,393,15,0.01
"GET","/fablabs/5a71a18373e3bb000f4b6830/jobs?job=e0708ea9-645e-4cc8-9c25-1983d4fbf939",1,0,160,155,155,155,4701,0.01
"DELETE","/fablabs/5a71a18373e3bb000f4b6830/jobs?job=e2345254-12da-40f1-b84c-f989af1007ab",1,0,350,352,352,352,15,0.01
"GET","/fablabs/5a71a18373e3bb000f4b6830/jobs?job=e2345254-12da-40f1-b84c-f989af1007ab",1,0,450,448,448,448,4701,0.01
"DELETE","/fablabs/5a71a18373e3bb000f4b6830/jobs?job=e38b86dc-0f7d-402a-bea6-b39ae5f171c8",1,0,460,457,457,457,15,0.01
"GET","/fablabs/5a71a18373e3bb000f4b6830/jobs?job=e38b86dc-0f7d-402a-bea6-b39ae5f171c8",1,0,440,441,441,441,4701,0.01
"DELETE","/fablabs/5a71a18373e3bb000f4b6830/jobs?job=e3ac335e-1a1a-4db1-bd70-b68556801581",1,0,320,319,319,319,15,0.01
"GET","/fablabs/5a71a18373e3bb000f4b6830/jobs?job=e3ac335e-1a1a-4db1-bd70-b68556801581",1,0,190,189,189,189,4701,0.01
"DELETE","/fablabs/5a71a18373e3bb000f4b6830/jobs?job=e6a452f6-44d6-45f7-a683-0ace6e8ca44b",1,0,3100,3075,3075,3075,15,0.01
"GET","/fablabs/5a71a18373e3bb000f4b6830/jobs?job=e6a452f6-44d6-45f7-a683-0ace6e8ca44b",1,0,180,183,183,183,4701,0.01
"DELETE","/fablabs/5a71a18373e3bb000f4b6830/jobs?job=e6e8b45e-fed0-4624-a004-fbb1dccad70d",1,0,310,306,306,306,15,0.01
"GET","/fablabs/5a71a18373e3bb000f4b6830/jobs?job=e6e8b45e-fed0-4624-a004-fbb1dccad70d",1,0,260,264,264,264,4701,0.01
"DELETE","/fablabs/5a71a18373e3bb000f4b6830/jobs?job=eb3c0ed3-1310-4743-9c7b-6f9934f269f6",1,0,310,310,310,310,15,0.01
"GET","/fablabs/5a71a18373e3bb000f4b6830/jobs?job=eb3c0ed3-1310-4743-9c7b-6f9934f269f6",1,0,460,464,464,464,4701,0.01
"DELETE","/fablabs/5a71a18373e3bb000f4b6830/jobs?job=ed0b026d-3442-4508-a4d2-ccf0dd1823f0",1,0,590,594,594,594,15,0.01
"GET","/fablabs/5a71a18373e3bb000f4b6830/jobs?job=ed0b026d-3442-4508-a4d2-ccf0dd1823f0",1,0,220,215,215,215,4701,0.01
"DELETE","/fablabs/5a71a18373e3bb000f4b6830/jobs?job=ed149207-85b2-482d-9f57-f3cda058bdf6",1,0,340,336,336,336,15,0.01
"GET","/fablabs/5a71a18373e3bb000f4b6830/jobs?job=ed149207-85b2-482d-9f57-f3cda058bdf6",1,0,390,394,394,394,4701,0.01
"DELETE","/fablabs/5a71a18373e3bb000f4b6830/jobs?job=ede9f193-dcdb-4611-9b76-b2968f468d50",1,0,310,307,307,307,15,0.01
"GET","/fablabs/5a71a18373e3bb000f4b6830/jobs?job=ede9f193-dcdb-4611-9b76-b2968f468d50",1,0,380,378,378,378,4701,0.01
"DELETE","/fablabs/5a71a18373e3bb000f4b6830/jobs?job=ee343869-d409-471a-8b03-db4ddee6fd79",1,0,440,443,443,443,15,0.01
"GET","/fablabs/5a71a18373e3bb000f4b6830/jobs?job=ee343869-d409-471a-8b03-db4ddee6fd79",1,0,180,183,183,183,4701,0.01
"DELETE","/fablabs/5a71a18373e3bb000f4b6830/jobs?job=ee4b7d70-011c-422e-88fe-28ee1dc0f114",1,0,460,461,461,461,15,0.01
"GET","/fablabs/5a71a18373e3bb000f4b6830/jobs?job=ee4b7d70-011c-422e-88fe-28ee1dc0f114",1,0,210,207,207,207,4701,0.01
"DELETE","/fablabs/5a71a18373e3bb000f4b6830/jobs?job=eebba924-d2e9-4115-9582-d5bdefeb2796",1,0,490,490,490,490,15,0.01
"GET","/fablabs/5a71a18373e3bb000f4b6830/jobs?job=eebba924-d2e9-4115-9582-d5bdefeb2796",1,0,270,270,270,270,4701,0.01
"DELETE","/fablabs/5a71a18373e3bb000f4b6830/jobs?job=f031c308-a3f0-42ad-9c1f-e9b32dfd467e",1,0,360,360,360,360,15,0.01
"GET","/fablabs/5a71a18373e3bb000f4b6830/jobs?job=f031c308-a3f0-42ad-9c1f-e9b32dfd467e",1,0,140,141,141,141,4701,0.01
"DELETE","/fablabs/5a71a18373e3bb000f4b6830/jobs?job=f1455682-4f71-49c4-8f73-b7725c618ccf",1,0,340,338,338,338,15,0.01
"GET","/fablabs/5a71a18373e3bb000f4b6830/jobs?job=f1455682-4f71-49c4-8f73-b7725c618ccf",1,0,180,181,181,181,4701,0.01
"DELETE","/fablabs/5a71a18373e3bb000f4b6830/jobs?job=f1a1e175-0a7a-4391-8c9a-24405cae5ee8",1,0,460,461,461,461,15,0.01
"GET","/fablabs/5a71a18373e3bb000f4b6830/jobs?job=f1a1e175-0a7a-4391-8c9a-24405cae5ee8",1,0,430,426,426,426,4701,0.01
"DELETE","/fablabs/5a71a18373e3bb000f4b6830/jobs?job=f28d5eda-c683-4f1a-8917-d4da6936d908",1,0,2800,2844,2844,2844,15,0.01
"GET","/fablabs/5a71a18373e3bb000f4b6830/jobs?job=f28d5eda-c683-4f1a-8917-d4da6936d908",1,0,240,243,243,243,4701,0.01
"DELETE","/fablabs/5a71a18373e3bb000f4b6830/jobs?job=f3291f58-2c49-4e31-a1ea-767716c362a9",1,0,290,294,294,294,15,0.01
"GET","/fablabs/5a71a18373e3bb000f4b6830/jobs?job=f3291f58-2c49-4e31-a1ea-767716c362a9",1,0,420,415,415,415,4701,0.01
"DELETE","/fablabs/5a71a18373e3bb000f4b6830/jobs?job=f3b566af-d885-46cb-a8fa-415e2c043f4f",1,0,1100,1119,1119,1119,15,0.01
"GET","/fablabs/5a71a18373e3bb000f4b6830/jobs?job=f3b566af-d885-46cb-a8fa-415e2c043f4f",1,0,400,404,404,404,4701,0.01
"DELETE","/fablabs/5a71a18373e3bb000f4b6830/jobs?job=f58885b7-9880-4bb4-8761-0ffa2f6c75a5",1,0,300,304,304,304,15,0.01
"GET","/fablabs/5a71a18373e3bb000f4b6830/jobs?job=f58885b7-9880-4bb4-8761-0ffa2f6c75a5",1,0,400,402,402,402,4701,0.01
"DELETE","/fablabs/5a71a18373e3bb000f4b6830/jobs?job=f58f8afa-4e23-4b1a-bc33-513741ef7e37",1,0,660,663,663,663,15,0.01
"GET","/fablabs/5a71a18373e3bb000f4b6830/jobs?job=f58f8afa-4e23-4b1a-bc33-513741ef7e37",1,0,250,246,246,246,4701,0.01
"DELETE","/fablabs/5a71a18373e3bb000f4b6830/jobs?job=f89a01db-42c1-49af-a0ab-90f09f15aabd",1,0,480,479,479,479,15,0.01
"GET","/fablabs/5a71a18373e3bb000f4b6830/jobs?job=f89a01db-42c1-49af-a0ab-90f09f15aabd",1,0,310,308,308,308,4701,0.01
"DELETE","/fablabs/5a71a18373e3bb000f4b6830/jobs?job=f925242a-db2f-42b4-90e3-d716a18e957e",1,0,520,524,524,524,15,0.01
"GET","/fablabs/5a71a18373e3bb000f4b6830/jobs?job=f925242a-db2f-42b4-90e3-d716a18e957e",1,0,260,256,256,256,4701,0.01
"DELETE","/fablabs/5a71a18373e3bb000f4b6830/jobs?job=fcce09a4-7639-4dc9-afec-07c940f08f2b",1,0,330,327,327,327,15,0.01
"GET","/fablabs/5a71a18373e3bb000f4b6830/jobs?job=fcce09a4-7639-4dc9-afec-07c940f08f2b",1,0,310,314,314,314,4701,0.01
"DELETE","/fablabs/5a71a18373e3bb000f4b6830/jobs?job=fcd4ccab-57d8-410d-a668-a9c0c062108a",1,0,380,379,379,379,15,0.01
"GET","/fablabs/5a71a18373e3bb000f4b6830/jobs?job=fcd4ccab-57d8-410d-a668-a9c0c062108a",1,0,250,252,252,252,4701,0.01
"DELETE","/fablabs/5a71a18373e3bb000f4b6830/jobs?job=fd445692-3e66-475d-9964-41756210d171",1,0,310,306,306,306,15,0.01
"GET","/fablabs/5a71a18373e3bb000f4b6830/jobs?job=fd445692-3e66-475d-9964-41756210d171",1,0,190,186,186,186,4701,0.01
"DELETE","/fablabs/5a71a18373e3bb000f4b6830/jobs?job=fe0a0cb2-148b-4854-8bdf-08136ed29704",1,0,550,554,554,554,15,0.01
"GET","/fablabs/5a71a18373e3bb000f4b6830/jobs?job=fe0a0cb2-148b-4854-8bdf-08136ed29704",1,0,190,192,192,192,4701,0.01
"DELETE","/fablabs/5a71a18373e3bb000f4b6830/jobs?job=feac2e7d-b88a-49b2-ba6f-0292f0f98801",1,0,460,457,457,457,15,0.01
"GET","/fablabs/5a71a18373e3bb000f4b6830/jobs?job=feac2e7d-b88a-49b2-ba6f-0292f0f98801",1,0,190,194,194,194,4701,0.01
"DELETE","/fablabs/5a71a18373e3bb000f4b6830/jobs?job=fed49dc1-85a5-4f27-9838-6394613d48a1",1,0,460,459,459,459,15,0.01
"GET","/fablabs/5a71a18373e3bb000f4b6830/jobs?job=fed49dc1-85a5-4f27-9838-6394613d48a1",1,0,250,247,247,247,4701,0.01
"GET","/fablabs/jobs",218,0,210,354,139,3370,8821,1.88
"POST","/fablabs/jobs?machine=3D%20printer&lat=15.2546484&long=3",198,0,560,801,379,3673,404,1.71
"None","Total",1069,0,300,443,140,3673,8985,9.21